site,status,hub,resolution,n_rows,n_swc_depths,swc_max_cov,swc_min_cov,n_ts_depths,ts_max_cov,ts_min_cov,period,outfile
AR-Bal,OK,AMF,HH,35088,0,,,5,0.1701,0.1701,2012-2013,soil/shuttle-all775-era5/soil_AR-Bal_2012-2013.nc
AT-Nsd,OK,EUF,HH,87648,3,0.9083,0.9083,3,0.9083,0.9083,2018-2022,soil/shuttle-all775-era5/soil_AT-Nsd_2018-2022.nc
AT-PsM,OK,EUF,HH,87648,3,0.6803,0.6589,4,0.6803,0.2616,2015-2019,soil/shuttle-all775-era5/soil_AT-PsM_2015-2019.nc
AT-Neu,OK,EUF,HH,333120,3,0.5571,0.3202,3,1.0000,0.6647,2002-2020,soil/shuttle-all775-era5/soil_AT-Neu_2002-2020.nc
AT-Mmg,OK,EUF,HH,70128,3,0.3628,0.3628,4,0.6944,0.6944,2021-2024,soil/shuttle-all775-era5/soil_AT-Mmg_2021-2024.nc
AU-APL,OK,TERN,HH,105168,1,0.6040,0.6040,1,0.6040,0.6040,2017-2022,soil/shuttle-all775-era5/soil_AU-APL_2017-2022.nc
AU-Ade,OK,TERN,HH,52608,1,0.5609,0.5609,1,0.5609,0.5609,2007-2009,soil/shuttle-all775-era5/soil_AU-Ade_2007-2009.nc
AU-ASM,OK,TERN,HH,280512,1,0.9606,0.9606,1,0.9606,0.9606,2010-2025,soil/shuttle-all775-era5/soil_AU-ASM_2010-2025.nc
AU-Col,OK,TERN,HH,52560,1,0.7850,0.7850,1,0.7850,0.7850,2017-2019,soil/shuttle-all775-era5/soil_AU-Col_2017-2019.nc
AU-Boy,OK,TERN,HH,157776,1,0.8987,0.8987,1,0.8987,0.8987,2017-2025,soil/shuttle-all775-era5/soil_AU-Boy_2017-2025.nc
AU-Ctr,OK,TERN,HH,157776,1,0.9865,0.9865,1,0.9865,0.9865,2010-2018,soil/shuttle-all775-era5/soil_AU-Ctr_2010-2018.nc
AU-Cpr,OK,TERN,HH,280512,1,0.8659,0.8659,1,0.8777,0.8777,2010-2025,soil/shuttle-all775-era5/soil_AU-Cpr_2010-2025.nc
AU-DaP,OK,TERN,HH,105216,1,0.9546,0.9546,1,0.9546,0.9546,2008-2013,soil/shuttle-all775-era5/soil_AU-DaP_2008-2013.nc
AU-Cum,OK,TERN,HH,210384,1,1.0000,1.0000,1,1.0000,1.0000,2014-2025,soil/shuttle-all775-era5/soil_AU-Cum_2014-2025.nc
AU-Emr,OK,TERN,HH,52608,1,0.8677,0.8677,1,0.8677,0.8677,2011-2013,soil/shuttle-all775-era5/soil_AU-Emr_2011-2013.nc
AU-Fle,OK,TERN,HH,70128,1,0.9807,0.9807,1,0.9807,0.9807,2022-2025,soil/shuttle-all775-era5/soil_AU-Fle_2022-2025.nc
AU-DaS,OK,TERN,HH,333120,1,0.9496,0.9496,1,0.9496,0.9496,2007-2025,soil/shuttle-all775-era5/soil_AU-DaS_2007-2025.nc
AU-Dry,OK,TERN,HH,298032,1,0.9069,0.9069,1,0.9120,0.9120,2009-2025,soil/shuttle-all775-era5/soil_AU-Dry_2009-2025.nc
AU-Fog,OK,TERN,HH,52608,1,0.9377,0.9377,1,0.9377,0.9377,2006-2008,soil/shuttle-all775-era5/soil_AU-Fog_2006-2008.nc
AU-GWW,OK,TERN,HH,227904,1,0.9643,0.9643,1,0.9643,0.9643,2013-2025,soil/shuttle-all775-era5/soil_AU-GWW_2013-2025.nc
AU-Gin,OK,TERN,HH,262992,1,0.9192,0.9192,1,0.9192,0.9192,2011-2025,soil/shuttle-all775-era5/soil_AU-Gin_2011-2025.nc
AU-Cow,OK,TERN,HH,298032,1,0.8526,0.8526,1,0.8471,0.8471,2009-2025,soil/shuttle-all775-era5/soil_AU-Cow_2009-2025.nc
AU-Lox,OK,TERN,HH,35088,1,0.4429,0.4429,1,0.4429,0.4429,2008-2009,soil/shuttle-all775-era5/soil_AU-Lox_2008-2009.nc
AU-Lon,OK,TERN,HH,122736,1,0.8958,0.8958,1,0.8958,0.8958,2018-2024,soil/shuttle-all775-era5/soil_AU-Lon_2018-2024.nc
AU-Lit,OK,TERN,HH,192864,1,0.9586,0.9586,1,0.9475,0.9475,2015-2025,soil/shuttle-all775-era5/soil_AU-Lit_2015-2025.nc
AU-MvB,OK,TERN,HH,17568,1,0.9722,0.9722,1,0.9960,0.9960,2024-2024,soil/shuttle-all775-era5/soil_AU-MvB_2024-2024.nc
AU-MvA,OK,TERN,HH,35088,1,0.5658,0.5658,1,0.5658,0.5658,2023-2024,soil/shuttle-all775-era5/soil_AU-MvA_2023-2024.nc
AU-Otw,OK,TERN,HR,35064,1,0.4183,0.4183,1,0.8583,0.8583,2007-2010,soil/shuttle-all775-era5/soil_AU-Otw_2007-2010.nc
AU-RDF,OK,TERN,HH,52608,1,0.6365,0.6365,1,0.6365,0.6365,2011-2013,soil/shuttle-all775-era5/soil_AU-RDF_2011-2013.nc
AU-How,OK,TERN,HH,420768,1,0.9887,0.9887,1,0.9245,0.9245,2002-2025,soil/shuttle-all775-era5/soil_AU-How_2002-2025.nc
AU-Rig,OK,TERN,HH,122736,1,0.9385,0.9385,1,0.9385,0.9385,2011-2017,soil/shuttle-all775-era5/soil_AU-Rig_2011-2017.nc
AU-Rgf,OK,TERN,HH,192864,1,0.9758,0.9758,1,0.9758,0.9758,2015-2025,soil/shuttle-all775-era5/soil_AU-Rgf_2015-2025.nc
AU-Sil,OK,TERN,HH,105216,1,0.8524,0.8524,1,0.8501,0.8501,2019-2024,soil/shuttle-all775-era5/soil_AU-Sil_2019-2024.nc
AU-Sno,OK,TERN,HH,35088,1,0.8399,0.8399,1,0.8399,0.8399,2024-2025,soil/shuttle-all775-era5/soil_AU-Sno_2024-2025.nc
AU-Rob,OK,TERN,HH,227904,1,0.9170,0.9170,1,0.9543,0.9543,2013-2025,soil/shuttle-all775-era5/soil_AU-Rob_2013-2025.nc
AU-Sam,OK,TERN,HH,140256,1,0.9530,0.9530,1,0.9530,0.9530,2010-2017,soil/shuttle-all775-era5/soil_AU-Sam_2010-2017.nc
AU-Wac,OK,TERN,HH,70128,1,0.8480,0.8480,1,0.8480,0.8480,2005-2008,soil/shuttle-all775-era5/soil_AU-Wac_2005-2008.nc
AU-TTE,OK,TERN,HH,245472,1,0.9465,0.9465,1,0.9465,0.9465,2012-2025,soil/shuttle-all775-era5/soil_AU-TTE_2012-2025.nc
AU-Wel,OK,TERN,HH,35088,1,1.0000,1.0000,1,1.0000,1.0000,2024-2025,soil/shuttle-all775-era5/soil_AU-Wel_2024-2025.nc
AU-Stp,OK,TERN,HH,315600,1,0.9054,0.9054,1,0.9646,0.9646,2008-2025,soil/shuttle-all775-era5/soil_AU-Stp_2008-2025.nc
AU-Wgt,OK,TERN,HH,35088,1,0.6222,0.6222,1,0.6222,0.6222,2024-2025,soil/shuttle-all775-era5/soil_AU-Wgt_2024-2025.nc
AU-Tum,OK,TERN,HR,184080,1,0.9983,0.9983,1,0.9983,0.9983,2002-2022,soil/shuttle-all775-era5/soil_AU-Tum_2002-2022.nc
AU-Wom,OK,TERN,HH,280512,1,0.9968,0.9968,1,0.9992,0.9992,2010-2025,soil/shuttle-all775-era5/soil_AU-Wom_2010-2025.nc
AU-Wrr,OK,TERN,HH,157776,1,0.8634,0.8634,1,0.8634,0.8634,2013-2021,soil/shuttle-all775-era5/soil_AU-Wrr_2013-2021.nc
AU-Ya1,OK,TERN,HH,52608,1,0.8394,0.8394,1,0.8394,0.8394,2023-2025,soil/shuttle-all775-era5/soil_AU-Ya1_2023-2025.nc
AU-Ya2,OK,TERN,HH,52608,1,0.8394,0.8394,1,0.8394,0.8394,2023-2025,soil/shuttle-all775-era5/soil_AU-Ya2_2023-2025.nc
BE-Dor,OK,ICOS,HH,245472,5,1.0000,0.1657,6,1.0000,0.1657,2011-2024,soil/shuttle-all775-era5/soil_BE-Dor_2011-2024.nc
BE-Bra,OK,ICOS,HH,455856,4,0.3862,0.1554,6,1.0000,0.1554,1999-2024,soil/shuttle-all775-era5/soil_BE-Bra_1999-2024.nc
BE-Lcr,OK,EUF,HH,70128,5,0.9986,0.7591,6,0.9986,0.9986,2019-2022,soil/shuttle-all775-era5/soil_BE-Lcr_2019-2022.nc
BE-Lon,OK,ICOS,HH,368208,5,0.9901,0.3211,6,0.9901,0.3241,2004-2024,soil/shuttle-all775-era5/soil_BE-Lon_2004-2024.nc
AU-Ync,OK,TERN,HH,245472,1,0.9269,0.9269,1,0.9269,0.9269,2012-2025,soil/shuttle-all775-era5/soil_AU-Ync_2012-2025.nc
BE-Maa,OK,ICOS,HH,175344,5,0.9678,0.6959,6,0.8161,0.7022,2016-2025,soil/shuttle-all775-era5/soil_BE-Maa_2016-2025.nc
BE-Vie,OK,ICOS,HH,525984,5,0.9819,0.3752,6,0.9819,0.3752,1996-2025,soil/shuttle-all775-era5/soil_BE-Vie_1996-2025.nc
BJ-Db1,OK,FLX,HH,52608,4,0.9146,0.9146,4,0.9146,0.9146,2022-2024,soil/shuttle-all775-era5/soil_BJ-Db1_2022-2024.nc
BJ-Bfg,OK,FLX,HH,175344,1,1.0000,1.0000,3,1.0000,1.0000,2008-2017,soil/shuttle-all775-era5/soil_BJ-Bfg_2008-2017.nc
BR-CST,OK,AMF,HH,35040,1,0.6062,0.6062,1,0.6062,0.6062,2014-2015,soil/shuttle-all775-era5/soil_BR-CST_2014-2015.nc
BJ-Nhu,OK,FLX,HH,175344,1,1.0000,1.0000,3,1.0000,1.0000,2008-2017,soil/shuttle-all775-era5/soil_BJ-Nhu_2008-2017.nc
BR-ITA,OK,AMF,HH,87696,8,0.6502,0.6502,7,0.7001,0.7001,2020-2024,soil/shuttle-all775-era5/soil_BR-ITA_2020-2024.nc
BR-Npw,OK,AMF,HH,87648,0,,,2,0.7299,0.7299,2013-2017,soil/shuttle-all775-era5/soil_BR-Npw_2013-2017.nc
BR-Sa3,OK,AMF,HH,87696,2,0.7575,0.6481,2,0.7575,0.6974,2000-2004,soil/shuttle-all775-era5/soil_BR-Sa3_2000-2004.nc
BR-Xpw,OK,AMF,HH,105168,5,0.3088,0.2543,2,0.8031,0.8031,2017-2022,soil/shuttle-all775-era5/soil_BR-Xpw_2017-2022.nc
CA-BOU,OK,AMF,HH,52608,0,,,1,0.7700,0.7700,2018-2020,soil/shuttle-all775-era5/soil_CA-BOU_2018-2020.nc
CA-CF1,OK,AMF,HH,35088,0,,,6,0.1936,0.1202,2007-2008,soil/shuttle-all775-era5/soil_CA-CF1_2007-2008.nc
CA-ARB,OK,AMF,HH,245472,4,0.9862,0.9862,6,0.7035,0.7035,2011-2024,soil/shuttle-all775-era5/soil_CA-ARB_2011-2024.nc
CA-CF2,OK,AMF,HH,70128,0,,,6,0.8648,0.8281,2008-2011,soil/shuttle-all775-era5/soil_CA-CF2_2008-2011.nc
CA-CF3,OK,AMF,HH,70128,2,0.8615,0.8615,12,0.8615,0.7981,2022-2025,soil/shuttle-all775-era5/soil_CA-CF3_2022-2025.nc
CA-ARF,OK,AMF,HH,245472,2,0.9629,0.9629,6,0.9864,0.7036,2011-2024,soil/shuttle-all775-era5/soil_CA-ARF_2011-2024.nc
CA-Ca2,OK,AMF,HH,192864,5,0.9501,0.9446,8,0.9520,0.9500,2000-2010,soil/shuttle-all775-era5/soil_CA-Ca2_2000-2010.nc
CA-Ca1,OK,AMF,HH,245424,7,0.9068,0.2395,8,0.9572,0.8872,1997-2010,soil/shuttle-all775-era5/soil_CA-Ca1_1997-2010.nc
CA-Ca3,OK,AMF,HH,420768,4,0.9707,0.9707,8,0.9716,0.9707,2001-2024,soil/shuttle-all775-era5/soil_CA-Ca3_2001-2024.nc
CA-DB2,OK,AMF,HH,105216,0,,,4,0.8552,0.8533,2019-2024,soil/shuttle-all775-era5/soil_CA-DB2_2019-2024.nc
CA-DSM,OK,AMF,HH,70128,0,,,4,0.8337,0.8337,2021-2024,soil/shuttle-all775-era5/soil_CA-DSM_2021-2024.nc
CA-DBB,OK,AMF,HH,175344,0,,,3,1.0000,1.0000,2015-2024,soil/shuttle-all775-era5/soil_CA-DBB_2015-2024.nc
AU-Whr,OK,TERN,HH,262992,1,0.7040,0.7040,1,0.7040,0.7040,2011-2025,soil/shuttle-all775-era5/soil_AU-Whr_2011-2025.nc
CA-HPC,OK,AMF,HH,17520,0,,,5,1.0000,1.0000,2018-2018,soil/shuttle-all775-era5/soil_CA-HPC_2018-2018.nc
CA-Cbo,OK,AMF,HH,508464,6,0.9363,0.8075,5,0.9868,0.9868,1996-2024,soil/shuttle-all775-era5/soil_CA-Cbo_1996-2024.nc
CA-Gro,OK,AMF,HH,210384,2,0.8969,0.8969,2,0.9044,0.9044,2003-2014,soil/shuttle-all775-era5/soil_CA-Gro_2003-2014.nc
CA-KLP,OK,AMF,HH,175344,5,0.9815,0.9815,6,0.9815,0.9815,2011-2020,soil/shuttle-all775-era5/soil_CA-KLP_2011-2020.nc
CA-LU1,OK,AMF,HH,70128,1,0.7719,0.7719,4,0.7719,0.4454,2020-2023,soil/shuttle-all775-era5/soil_CA-LU1_2020-2023.nc
CA-LU2,OK,AMF,HH,70128,1,0.8451,0.8451,4,0.8451,0.4454,2020-2023,soil/shuttle-all775-era5/soil_CA-LU2_2020-2023.nc
CA-LP1,OK,AMF,HH,315600,2,1.0000,1.0000,3,1.0000,1.0000,2007-2024,soil/shuttle-all775-era5/soil_CA-LP1_2007-2024.nc
CA-MA1,OK,AMF,HH,52560,1,0.8789,0.8789,2,0.8683,0.8683,2009-2011,soil/shuttle-all775-era5/soil_CA-MA1_2009-2011.nc
CA-MA2,OK,AMF,HH,52560,1,0.8813,0.8813,2,0.8713,0.8713,2009-2011,soil/shuttle-all775-era5/soil_CA-MA2_2009-2011.nc
CA-MA3,OK,AMF,HH,52560,1,0.8647,0.8647,2,0.8642,0.8641,2009-2011,soil/shuttle-all775-era5/soil_CA-MA3_2009-2011.nc
CA-Mtk,OK,AMF,HH,17568,3,0.4308,0.4307,9,0.4308,0.4287,2024-2024,soil/shuttle-all775-era5/soil_CA-Mtk_2024-2024.nc
CA-Na1,OK,AMF,HH,52608,4,0.8177,0.8177,6,0.8178,0.8178,2003-2005,soil/shuttle-all775-era5/soil_CA-Na1_2003-2005.nc
CA-Man,OK,AMF,HH,262992,0,,,5,0.9672,0.8283,1994-2008,soil/shuttle-all775-era5/soil_CA-Man_1994-2008.nc
CA-Ojp,OK,AMF,HH,210384,2,0.9964,0.9964,2,1.0000,1.0000,1999-2010,soil/shuttle-all775-era5/soil_CA-Ojp_1999-2010.nc
CA-PB1,OK,AMF,HH,157824,5,0.9236,0.0415,6,0.9236,0.9236,2016-2024,soil/shuttle-all775-era5/soil_CA-PB1_2016-2024.nc
CA-Qc2,OK,AMF,HH,70128,4,0.8778,0.8778,5,0.8778,0.8778,2007-2010,soil/shuttle-all775-era5/soil_CA-Qc2_2007-2010.nc
CA-Mer,OK,AMF,HH,403248,5,0.9838,0.9352,9,0.9838,0.8323,1998-2020,soil/shuttle-all775-era5/soil_CA-Mer_1998-2020.nc
CA-PB2,OK,AMF,HH,140256,5,0.9173,0.9165,6,0.9165,0.9165,2017-2024,soil/shuttle-all775-era5/soil_CA-PB2_2017-2024.nc
CA-Qfo,OK,AMF,HH,140256,2,0.9451,0.9451,2,0.9447,0.9447,2003-2010,soil/shuttle-all775-era5/soil_CA-Qfo_2003-2010.nc
CA-RBM,OK,AMF,HH,52608,0,,,4,0.8644,0.8644,2022-2024,soil/shuttle-all775-era5/soil_CA-RBM_2022-2024.nc
CA-SF1,OK,AMF,HH,70128,1,0.8558,0.8558,2,0.8558,0.8558,2003-2006,soil/shuttle-all775-era5/soil_CA-SF1_2003-2006.nc
CA-SCB,OK,AMF,HH,105168,0,,,8,0.9126,0.8994,2014-2019,soil/shuttle-all775-era5/soil_CA-SCB_2014-2019.nc
CA-SCC,OK,AMF,HH,210384,5,0.5113,0.2822,10,0.9215,0.5113,2013-2024,soil/shuttle-all775-era5/soil_CA-SCC_2013-2024.nc
CA-SF2,OK,AMF,HH,87648,1,0.8789,0.8789,2,0.8789,0.6401,2001-2005,soil/shuttle-all775-era5/soil_CA-SF2_2001-2005.nc
CA-SF3,OK,AMF,HH,105168,1,0.9098,0.9098,2,0.9092,0.6984,2001-2006,soil/shuttle-all775-era5/soil_CA-SF3_2001-2006.nc
CA-SJ2,OK,AMF,HH,105216,6,0.9815,0.8769,8,1.0000,0.7762,2003-2008,soil/shuttle-all775-era5/soil_CA-SJ2_2003-2008.nc
CA-SMC,OK,AMF,HH,17520,0,,,10,0.7762,0.7762,2018-2018,soil/shuttle-all775-era5/soil_CA-SMC_2018-2018.nc
CA-TP2,OK,AMF,HH,105168,5,1.0000,1.0000,6,0.9864,0.9749,2002-2007,soil/shuttle-all775-era5/soil_CA-TP2_2002-2007.nc
CA-TPA,OK,AMF,HH,70128,3,0.8874,0.3966,4,0.8874,0.8038,2020-2023,soil/shuttle-all775-era5/soil_CA-TPA_2020-2023.nc
CA-TP1,OK,AMF,HH,385680,5,1.0000,0.7544,6,0.9865,0.9850,2002-2023,soil/shuttle-all775-era5/soil_CA-TP1_2002-2023.nc
CA-TP3,OK,AMF,HH,385680,3,1.0000,1.0000,3,0.9937,0.9937,2002-2023,soil/shuttle-all775-era5/soil_CA-TP3_2002-2023.nc
CA-TP4,OK,AMF,HH,385680,5,1.0000,1.0000,6,1.0000,1.0000,2002-2023,soil/shuttle-all775-era5/soil_CA-TP4_2002-2023.nc
CD-Ygb,OK,ICOS,HH,105216,3,0.8766,0.8766,5,0.8766,0.8766,2020-2025,soil/shuttle-all775-era5/soil_CD-Ygb_2020-2025.nc
CG-Tch,OK,EUF,HH,70128,0,,,3,0.8737,0.8736,2006-2009,soil/shuttle-all775-era5/soil_CG-Tch_2006-2009.nc
CH-Crs,OK,EUF,HH,35088,2,0.9459,0.9459,2,0.9459,0.9459,2015-2016,soil/shuttle-all775-era5/soil_CH-Crs_2015-2016.nc
CA-TPD,OK,AMF,HH,210384,6,1.0000,1.0000,6,1.0000,1.0000,2012-2023,soil/shuttle-all775-era5/soil_CA-TPD_2012-2023.nc
CH-For,OK,EUF,HH,17568,6,0.8402,0.8402,6,0.8402,0.8402,2024-2024,soil/shuttle-all775-era5/soil_CH-For_2024-2024.nc
CH-Frk,OK,EUF,HH,35040,2,1.0000,1.0000,2,1.0000,1.0000,2013-2014,soil/shuttle-all775-era5/soil_CH-Frk_2013-2014.nc
CH-Aws,OK,EUF,HH,333120,1,0.8764,0.8764,2,0.9772,0.4780,2006-2024,soil/shuttle-all775-era5/soil_CH-Aws_2006-2024.nc
CH-Oe1,OK,EUF,HH,175296,3,1.0000,0.9974,3,1.0000,1.0000,2002-2011,soil/shuttle-all775-era5/soil_CH-Oe1_2002-2011.nc
CH-Lae,OK,EUF,HH,368208,4,0.9693,0.9365,7,0.9693,0.0515,2004-2024,soil/shuttle-all775-era5/soil_CH-Lae_2004-2024.nc
CH-Fru,OK,EUF,HH,350640,12,0.9734,0.1542,16,0.9734,0.1542,2005-2024,soil/shuttle-all775-era5/soil_CH-Fru_2005-2024.nc
CH-Dav,OK,ICOS,HH,508416,7,0.6419,0.1309,8,0.6609,0.1309,1997-2025,soil/shuttle-all775-era5/soil_CH-Dav_1997-2025.nc
CH-Oe3,OK,EUF,HH,175296,3,0.9786,0.9786,3,0.9786,0.9786,2002-2011,soil/shuttle-all775-era5/soil_CH-Oe3_2002-2011.nc
CH-Rh2,OK,EUF,HH,70128,3,0.9699,0.9699,3,0.9699,0.9699,2018-2021,soil/shuttle-all775-era5/soil_CH-Rh2_2018-2021.nc
CH-Oe2,OK,EUF,HH,368208,7,1.0000,0.0497,8,1.0000,0.0497,2004-2024,soil/shuttle-all775-era5/soil_CH-Oe2_2004-2024.nc
CH-Tnk,OK,EUF,HH,17568,3,1.0000,1.0000,3,1.0000,1.0000,2024-2024,soil/shuttle-all775-era5/soil_CH-Tnk_2024-2024.nc
CH-Rtb,OK,EUF,HH,245424,0,,,1,0.9782,0.9782,2009-2022,soil/shuttle-all775-era5/soil_CH-Rtb_2009-2022.nc
CL-ACF,OK,AMF,HH,52608,1,0.9867,0.9867,1,0.9867,0.9867,2018-2020,soil/shuttle-all775-era5/soil_CL-ACF_2018-2020.nc
CL-SDF,OK,AMF,HH,140256,1,0.9213,0.9213,1,1.0000,1.0000,2014-2021,soil/shuttle-all775-era5/soil_CL-SDF_2014-2021.nc
CL-SDP,OK,AMF,HH,140256,1,1.0000,1.0000,1,1.0000,1.0000,2014-2021,soil/shuttle-all775-era5/soil_CL-SDP_2014-2021.nc
CN-Aro,OK,CNF,HH,210384,16,1.0000,1.0000,17,1.0000,0.9716,2013-2024,soil/shuttle-all775-era5/soil_CN-Aro_2013-2024.nc
CN-Ash,OK,CNF,HH,192816,3,1.0000,0.9586,5,1.0000,0.9804,2009-2019,soil/shuttle-all775-era5/soil_CN-Ash_2009-2019.nc
CN-BeO,OK,CNF,HH,157824,1,1.0000,1.0000,1,1.0000,1.0000,2012-2020,soil/shuttle-all775-era5/soil_CN-BeO_2012-2020.nc
CN-DaW,OK,CNF,HH,157776,3,1.0000,0.4490,5,1.0000,0.4490,2011-2019,soil/shuttle-all775-era5/soil_CN-DaW_2011-2019.nc
CH-Rh1,OK,EUF,HH,70128,3,0.9236,0.9134,3,0.9236,0.9134,2018-2021,soil/shuttle-all775-era5/soil_CH-Rh1_2018-2021.nc
CN-Dda,OK,CNF,HH,70128,3,0.9668,0.9668,5,0.9668,0.9668,2011-2014,soil/shuttle-all775-era5/soil_CN-Dda_2011-2014.nc
CN-Dan,OK,CNF,HH,175344,3,1.0000,1.0000,5,1.0000,1.0000,2011-2020,soil/shuttle-all775-era5/soil_CN-Dan_2011-2020.nc
CN-Dsh,OK,CNF,HH,210384,7,0.9525,0.9525,8,0.9525,0.9525,2013-2024,soil/shuttle-all775-era5/soil_CN-Dsh_2013-2024.nc
CN-Du2,OK,CNF,HH,157776,1,1.0000,1.0000,3,1.0000,0.6714,2011-2019,soil/shuttle-all775-era5/soil_CN-Du2_2011-2019.nc
CN-Din,OK,CNF,HH,192864,3,1.0000,1.0000,8,1.0000,0.8221,2010-2020,soil/shuttle-all775-era5/soil_CN-Din_2010-2020.nc
CN-Erg,OK,CNF,HH,70128,1,1.0000,1.0000,3,1.0000,0.2608,2016-2019,soil/shuttle-all775-era5/soil_CN-Erg_2016-2019.nc
CN-Dmn,OK,CNF,HH,227952,8,0.9724,0.9699,9,0.9724,0.9724,2012-2024,soil/shuttle-all775-era5/soil_CN-Dmn_2012-2024.nc
CN-GuT,OK,CNF,HH,52608,3,1.0000,1.0000,3,1.0000,0.6762,2015-2017,soil/shuttle-all775-era5/soil_CN-GuT_2015-2017.nc
CN-Dzo,OK,CNF,HH,192864,3,0.7248,0.4215,5,1.0000,1.0000,2010-2020,soil/shuttle-all775-era5/soil_CN-Dzo_2010-2020.nc
CN-HeD,OK,CNF,HH,105216,7,0.7952,0.7952,8,0.7952,0.7952,2019-2024,soil/shuttle-all775-era5/soil_CN-HeD_2019-2024.nc
CN-Ha2,OK,CNF,HH,157776,2,1.0000,1.0000,5,1.0000,1.0000,2011-2019,soil/shuttle-all775-era5/soil_CN-Ha2_2011-2019.nc
CN-HaW,OK,CNF,HH,140256,0,,,5,1.0000,0.9992,2011-2018,soil/shuttle-all775-era5/soil_CN-HaW_2011-2018.nc
CN-HaM,OK,JPF,HH,245424,3,0.9599,0.9599,9,0.9599,0.9599,2001-2014,soil/shuttle-all775-era5/soil_CN-HaM_2001-2014.nc
CN-Jng,OK,CNF,HH,122736,7,0.9124,0.9124,8,0.9124,0.9124,2018-2024,soil/shuttle-all775-era5/soil_CN-Jng_2018-2024.nc
CN-Huz,OK,CNF,HH,175344,7,0.9599,0.9599,8,0.9599,0.9599,2015-2024,soil/shuttle-all775-era5/soil_CN-Huz_2015-2024.nc
CN-HeM,OK,CNF,HH,210384,10,0.9257,0.7279,11,0.9594,0.7279,2013-2024,soil/shuttle-all775-era5/soil_CN-HeM_2013-2024.nc
CN-Mxn,OK,CNF,HH,87648,3,0.9762,0.9762,5,1.0000,0.9544,2015-2019,soil/shuttle-all775-era5/soil_CN-Mxn_2015-2019.nc
CN-Lsh,OK,JPF,HH,87648,2,0.9291,0.9291,4,0.9291,0.9291,2002-2006,soil/shuttle-all775-era5/soil_CN-Lsh_2002-2006.nc
CN-Jzh,OK,CNF,HH,105216,3,1.0000,1.0000,5,1.0000,1.0000,2011-2016,soil/shuttle-all775-era5/soil_CN-Jzh_2011-2016.nc
CN-Qng,OK,CNF,HH,52608,4,0.8348,0.0370,0,,,2022-2024,soil/shuttle-all775-era5/soil_CN-Qng_2022-2024.nc
CN-Nmn,OK,CNF,HH,87648,3,1.0000,1.0000,5,1.0000,0.9702,2015-2019,soil/shuttle-all775-era5/soil_CN-Nmn_2015-2019.nc
CN-Sb1,OK,FLX,HH,87696,3,0.8916,0.8916,3,0.8916,0.8916,2020-2024,soil/shuttle-all775-era5/soil_CN-Sb1_2020-2024.nc
CN-Lch,OK,CNF,HH,227952,3,1.0000,1.0000,5,1.0000,1.0000,2008-2020,soil/shuttle-all775-era5/soil_CN-Lch_2008-2020.nc
CN-SnB,OK,FLX,HH,17520,0,,,1,1.0000,1.0000,2021-2021,soil/shuttle-all775-era5/soil_CN-SnB_2021-2021.nc
CN-Sb2,OK,FLX,HH,87696,3,0.8916,0.8916,3,0.8916,0.8916,2020-2024,soil/shuttle-all775-era5/soil_CN-Sb2_2020-2024.nc
CN-Wnb,OK,CNF,HH,17520,2,1.0000,1.0000,2,1.0000,1.0000,2021-2021,soil/shuttle-all775-era5/soil_CN-Wnb_2021-2021.nc
CN-Yan,OK,CNF,HH,52608,1,0.9905,0.9905,1,0.9905,0.9905,2016-2018,soil/shuttle-all775-era5/soil_CN-Yan_2016-2018.nc
CN-YaS,OK,CNF,HH,175344,2,0.9442,0.9442,1,0.9442,0.9442,2011-2020,soil/shuttle-all775-era5/soil_CN-YaS_2011-2020.nc
CN-Sdq,OK,CNF,HH,210384,9,0.9257,0.7279,10,0.9596,0.7279,2013-2024,soil/shuttle-all775-era5/soil_CN-Sdq_2013-2024.nc
CN-You,OK,CNF,HH,175344,7,1.0000,1.0000,8,1.0000,0.9039,2015-2024,soil/shuttle-all775-era5/soil_CN-You_2015-2024.nc
CN-Yuc,OK,CNF,HH,175344,3,1.0000,0.6531,5,1.0000,0.6531,2011-2020,soil/shuttle-all775-era5/soil_CN-Yuc_2011-2020.nc
CN-Zha,OK,CNF,HH,227952,0,,,6,0.9659,0.9659,2012-2024,soil/shuttle-all775-era5/soil_CN-Zha_2012-2024.nc
CR-AqC,OK,FLX,HH,140256,10,0.7762,0.7762,9,0.1398,0.1398,2009-2016,soil/shuttle-all775-era5/soil_CR-AqC_2009-2016.nc
CR-Fsc,OK,AMF,HH,70128,2,1.0000,0.8573,2,1.0000,0.8573,2015-2018,soil/shuttle-all775-era5/soil_CR-Fsc_2015-2018.nc
CZ-BK2,OK,EUF,HH,122736,2,0.6429,0.3884,3,0.8428,0.6551,2006-2012,soil/shuttle-all775-era5/soil_CZ-BK2_2006-2012.nc
CZ-KrP,OK,EUF,HH,175296,5,0.7790,0.7790,6,1.0000,0.7790,2014-2023,soil/shuttle-all775-era5/soil_CZ-KrP_2014-2023.nc
CZ-LnG,OK,EUF,HH,105216,5,0.9416,0.9416,6,0.9416,0.9416,2019-2024,soil/shuttle-all775-era5/soil_CZ-LnG_2019-2024.nc
CN-Xi2,OK,CNF,HH,175344,3,1.0000,1.0000,3,1.0000,1.0000,2011-2020,soil/shuttle-all775-era5/soil_CN-Xi2_2011-2020.nc
CZ-Lnz,OK,ICOS,HH,192864,5,0.9234,0.9234,6,0.9998,0.9234,2015-2025,soil/shuttle-all775-era5/soil_CZ-Lnz_2015-2025.nc
CZ-BK1,OK,ICOS,HH,385728,5,0.7135,0.4652,7,0.9563,0.4652,2004-2025,soil/shuttle-all775-era5/soil_CZ-BK1_2004-2025.nc
CZ-RAJ,OK,EUF,HH,227952,5,0.6825,0.6825,6,0.6825,0.6825,2012-2024,soil/shuttle-all775-era5/soil_CZ-RAJ_2012-2024.nc
CZ-Stn,OK,EUF,HH,262992,5,1.0000,0.7295,6,1.0000,0.5848,2010-2024,soil/shuttle-all775-era5/soil_CZ-Stn_2010-2024.nc
DE-Amv,OK,ICOS,HH,52608,1,1.0000,1.0000,1,1.0000,1.0000,2023-2025,soil/shuttle-all775-era5/soil_DE-Amv_2023-2025.nc
DE-Etn,OK,EUF,HH,17568,0,,,1,0.6732,0.6732,2024-2024,soil/shuttle-all775-era5/soil_DE-Etn_2024-2024.nc
DE-Fen,OK,ICOS,HH,52608,6,0.7919,0.7919,5,0.7919,0.7919,2023-2025,soil/shuttle-all775-era5/soil_DE-Fen_2023-2025.nc
DE-Geb,OK,ICOS,HH,87696,6,0.8446,0.8446,6,0.8446,0.8446,2020-2024,soil/shuttle-all775-era5/soil_DE-Geb_2020-2024.nc
DE-Akm,OK,EUF,HH,280512,0,,,3,0.0591,0.0591,2009-2024,soil/shuttle-all775-era5/soil_DE-Akm_2009-2024.nc
CZ-wet,OK,ICOS,HH,350640,1,0.4021,0.4021,7,0.9859,0.2520,2006-2025,soil/shuttle-all775-era5/soil_CZ-wet_2006-2025.nc
DE-Gwg,OK,ICOS,HH,52608,4,0.7919,0.7919,6,0.7919,0.7919,2023-2025,soil/shuttle-all775-era5/soil_DE-Gwg_2023-2025.nc
DE-GsB,OK,ICOS,HH,192864,4,0.9869,0.9869,6,1.0000,1.0000,2015-2025,soil/shuttle-all775-era5/soil_DE-GsB_2015-2025.nc
DE-Har,OK,ICOS,HH,105216,5,1.0000,1.0000,6,1.0000,1.0000,2020-2025,soil/shuttle-all775-era5/soil_DE-Har_2020-2025.nc
DE-Gri,OK,ICOS,HH,385728,6,0.8703,0.2291,7,0.9879,0.2291,2004-2025,soil/shuttle-all775-era5/soil_DE-Gri_2004-2025.nc
DE-HoH,OK,ICOS,HH,192864,7,1.0000,0.4024,8,1.0000,0.4024,2015-2025,soil/shuttle-all775-era5/soil_DE-HoH_2015-2025.nc
DE-Hte,OK,EUF,HH,175296,0,,,3,0.6520,0.2179,2009-2018,soil/shuttle-all775-era5/soil_DE-Hte_2009-2018.nc
DE-Hai,OK,ICOS,HH,455856,6,0.9937,0.0786,6,1.0000,0.0786,2000-2025,soil/shuttle-all775-era5/soil_DE-Hai_2000-2025.nc
DE-Lkb,OK,EUF,HH,87648,1,0.9425,0.9425,1,0.9425,0.9425,2009-2013,soil/shuttle-all775-era5/soil_DE-Lkb_2009-2013.nc
DE-Hzd,OK,ICOS,HH,280512,6,0.3001,0.2504,6,1.0000,0.3192,2010-2025,soil/shuttle-all775-era5/soil_DE-Hzd_2010-2025.nc
DE-Msr,OK,ICOS,HH,105216,3,0.9375,0.9254,3,0.9375,0.9375,2020-2025,soil/shuttle-all775-era5/soil_DE-Msr_2020-2025.nc
DE-Kli,OK,ICOS,HH,122736,6,0.8541,0.3640,7,1.0000,0.2917,2018-2024,soil/shuttle-all775-era5/soil_DE-Kli_2018-2024.nc
DE-Rns,OK,EUF,HH,70128,9,0.8184,0.8184,9,0.8184,0.8184,2021-2024,soil/shuttle-all775-era5/soil_DE-Rns_2021-2024.nc
DE-Lnf,OK,EUF,HH,403248,4,0.9873,0.9873,6,0.9873,0.9873,2002-2024,soil/shuttle-all775-era5/soil_DE-Lnf_2002-2024.nc
DE-RuC,OK,EUF,HH,210384,1,0.9424,0.9424,3,0.9424,0.9424,2013-2024,soil/shuttle-all775-era5/soil_DE-RuC_2013-2024.nc
DE-RuM,OK,EUF,HH,157776,1,0.8905,0.8905,3,0.8907,0.8907,2011-2019,soil/shuttle-all775-era5/soil_DE-RuM_2011-2019.nc
DE-Obe,OK,EUF,HH,298080,3,0.9210,0.5055,5,0.9255,0.8259,2008-2024,soil/shuttle-all775-era5/soil_DE-Obe_2008-2024.nc
DE-RuR,OK,ICOS,HH,262992,1,0.9786,0.9786,3,0.9786,0.9738,2011-2025,soil/shuttle-all775-era5/soil_DE-RuR_2011-2025.nc
DE-SbM,OK,EUF,HH,35088,3,0.8225,0.3423,3,0.8226,0.8226,2023-2024,soil/shuttle-all775-era5/soil_DE-SbM_2023-2024.nc
DE-RuS,OK,ICOS,HH,245472,1,0.9799,0.9799,1,0.9799,0.9799,2011-2024,soil/shuttle-all775-era5/soil_DE-RuS_2011-2024.nc
DE-Seh,OK,EUF,HH,70128,2,0.8678,0.8678,1,0.8678,0.8678,2007-2010,soil/shuttle-all775-era5/soil_DE-Seh_2007-2010.nc
DK-Gds,OK,ICOS,HH,52608,5,0.6155,0.6155,5,0.6155,0.6155,2020-2022,soil/shuttle-all775-era5/soil_DK-Gds_2020-2022.nc
DE-RuW,OK,ICOS,HH,385728,6,0.8821,0.1612,7,0.9904,0.1383,2004-2025,soil/shuttle-all775-era5/soil_DE-RuW_2004-2025.nc
DE-SfS,OK,EUF,HH,192864,0,,,1,0.9388,0.9388,2010-2020,soil/shuttle-all775-era5/soil_DE-SfS_2010-2020.nc
DK-Skj,OK,ICOS,HH,52608,5,0.5606,0.4474,5,0.5606,0.5606,2020-2022,soil/shuttle-all775-era5/soil_DK-Skj_2020-2022.nc
DK-Vng,OK,ICOS,HH,70128,5,0.8056,0.8056,6,0.8056,0.8056,2020-2023,soil/shuttle-all775-era5/soil_DK-Vng_2020-2023.nc
EE-Pts,OK,EUF,HH,52608,1,0.5987,0.5987,1,0.5987,0.5987,2022-2024,soil/shuttle-all775-era5/soil_EE-Pts_2022-2024.nc
EE-Rng,OK,EUF,HH,35088,1,0.2884,0.2884,1,0.2884,0.2884,2023-2024,soil/shuttle-all775-era5/soil_EE-Rng_2023-2024.nc
ES-Abr,OK,EUF,HH,105216,4,0.8664,0.8664,7,0.8664,0.8664,2015-2020,soil/shuttle-all775-era5/soil_ES-Abr_2015-2020.nc
EE-Stg,OK,EUF,HH,157824,4,1.0000,1.0000,4,1.0000,1.0000,2016-2024,soil/shuttle-all775-era5/soil_EE-Stg_2016-2024.nc
ES-Amo,OK,EUF,HH,227904,1,0.9283,0.9283,1,0.9657,0.9657,2007-2019,soil/shuttle-all775-era5/soil_ES-Amo_2007-2019.nc
DK-Sor,OK,ICOS,HH,508464,7,0.9798,0.1752,7,0.9871,0.0917,1996-2024,soil/shuttle-all775-era5/soil_DK-Sor_1996-2024.nc
ES-Crg,OK,EUF,HH,70128,1,0.8046,0.8046,1,0.8046,0.8046,2021-2024,soil/shuttle-all775-era5/soil_ES-Crg_2021-2024.nc
ES-Cnd,OK,EUF,HH,140256,1,0.8911,0.8911,1,0.8911,0.8911,2014-2021,soil/shuttle-all775-era5/soil_ES-Cnd_2014-2021.nc
ES-Agu,OK,EUF,HH,333120,1,0.9734,0.9734,1,0.9802,0.9802,2006-2024,soil/shuttle-all775-era5/soil_ES-Agu_2006-2024.nc
ES-HdD,OK,EUF,HH,17568,1,0.9873,0.9873,1,0.9873,0.9873,2024-2024,soil/shuttle-all775-era5/soil_ES-HdD_2024-2024.nc
ES-Gdn,OK,EUF,HH,140256,1,0.8911,0.8911,1,0.8911,0.8911,2014-2021,soil/shuttle-all775-era5/soil_ES-Gdn_2014-2021.nc
ES-HeB,OK,EUF,HH,105216,3,0.9893,0.5465,2,1.0000,0.1407,2019-2024,soil/shuttle-all775-era5/soil_ES-HeB_2019-2024.nc
ES-Hen,OK,EUF,HH,105216,3,1.0000,0.9947,4,1.0000,1.0000,2019-2024,soil/shuttle-all775-era5/soil_ES-Hen_2019-2024.nc
ES-LM2,OK,EUF,HH,192864,4,0.9224,0.9224,7,0.9224,0.9224,2014-2024,soil/shuttle-all775-era5/soil_ES-LM2_2014-2024.nc
DE-Tha,OK,ICOS,HH,525984,4,0.9617,0.2347,6,1.0000,0.2694,1996-2025,soil/shuttle-all775-era5/soil_DE-Tha_1996-2025.nc
ES-Ln2,OK,EUF,HH,17520,0,,,1,0.6340,0.6340,2009-2009,soil/shuttle-all775-era5/soil_ES-Ln2_2009-2009.nc
ES-LMa,OK,ICOS,HH,105216,6,1.0000,1.0000,7,1.0000,0.1734,2020-2025,soil/shuttle-all775-era5/soil_ES-LMa_2020-2025.nc
ES-Pdu,OK,EUF,HH,70128,0,,,1,0.8684,0.8684,2014-2017,soil/shuttle-all775-era5/soil_ES-Pdu_2014-2017.nc
ES-Mcd,OK,EUF,HH,122736,1,0.9335,0.9335,6,0.9333,0.7616,2018-2024,soil/shuttle-all775-era5/soil_ES-Mcd_2018-2024.nc
ES-Pzb,OK,EUF,HH,87696,3,0.8591,0.8591,1,0.8591,0.8591,2020-2024,soil/shuttle-all775-era5/soil_ES-Pzb_2020-2024.nc
ES-TzM,OK,EUF,HH,87696,1,0.9187,0.9187,1,0.9187,0.9187,2020-2024,soil/shuttle-all775-era5/soil_ES-TzM_2020-2024.nc
ES-VDA,OK,EUF,HH,52608,2,0.8170,0.7402,3,0.8170,0.7303,2022-2024,soil/shuttle-all775-era5/soil_ES-VDA_2022-2024.nc
FI-Ant,OK,ICOS,HH,17520,3,1.0000,1.0000,3,1.0000,1.0000,2022-2022,soil/shuttle-all775-era5/soil_FI-Ant_2022-2022.nc
ES-Yst,OK,EUF,HH,105216,1,0.9973,0.9973,1,0.9973,0.9973,2019-2024,soil/shuttle-all775-era5/soil_ES-Yst_2019-2024.nc
FI-Jok,OK,EUF,HH,70128,2,0.6572,0.6572,4,0.9280,0.9280,2000-2003,soil/shuttle-all775-era5/soil_FI-Jok_2000-2003.nc
FI-Ken,OK,ICOS,HH,140256,2,1.0000,1.0000,4,1.0000,1.0000,2018-2025,soil/shuttle-all775-era5/soil_FI-Ken_2018-2025.nc
ES-LM1,OK,EUF,HH,192864,4,0.9229,0.9229,7,0.9229,0.9229,2014-2024,soil/shuttle-all775-era5/soil_ES-LM1_2014-2024.nc
FI-Hyy,OK,ICOS,HH,508416,5,1.0000,1.0000,6,1.0000,1.0000,1997-2025,soil/shuttle-all775-era5/soil_FI-Hyy_1997-2025.nc
FI-Let,OK,ICOS,HH,280512,0,,,4,1.0000,1.0000,2010-2025,soil/shuttle-all775-era5/soil_FI-Let_2010-2025.nc
FI-Nsv,OK,EUF,HH,70128,0,,,6,0.8474,0.8474,2021-2024,soil/shuttle-all775-era5/soil_FI-Nsv_2021-2024.nc
FI-Pap,OK,EUF,HH,17520,3,1.0000,1.0000,3,1.0000,1.0000,2022-2022,soil/shuttle-all775-era5/soil_FI-Pap_2022-2022.nc
ES-LJu,OK,EUF,HH,368208,1,0.9542,0.9542,1,0.9862,0.9862,2004-2024,soil/shuttle-all775-era5/soil_ES-LJu_2004-2024.nc
FI-Ruk,OK,EUF,HH,70128,2,1.0000,1.0000,2,1.0000,1.0000,2020-2023,soil/shuttle-all775-era5/soil_FI-Ruk_2020-2023.nc
FI-Rk2,OK,EUF,HH,70128,0,,,4,1.0000,0.9558,2020-2023,soil/shuttle-all775-era5/soil_FI-Rk2_2020-2023.nc
FI-Sar,OK,EUF,HH,17520,3,1.0000,1.0000,3,1.0000,1.0000,2022-2022,soil/shuttle-all775-era5/soil_FI-Sar_2022-2022.nc
FI-Si2,OK,EUF,HH,87696,0,,,4,0.9482,0.9482,2012-2016,soil/shuttle-all775-era5/soil_FI-Si2_2012-2016.nc
FI-Sod,OK,ICOS,HH,35088,5,0.8235,0.8235,6,0.8235,0.8235,2023-2024,soil/shuttle-all775-era5/soil_FI-Sod_2023-2024.nc
FI-Var,OK,ICOS,HH,175344,2,1.0000,0.8587,3,1.0000,0.1628,2016-2025,soil/shuttle-all775-era5/soil_FI-Var_2016-2025.nc
FI-Sii,OK,ICOS,HH,122736,4,1.0000,1.0000,6,1.0000,1.0000,2018-2024,soil/shuttle-all775-era5/soil_FI-Sii_2018-2024.nc
FI-Qvd,OK,EUF,HH,105168,1,0.9487,0.9487,3,0.9487,0.7850,2018-2023,soil/shuttle-all775-era5/soil_FI-Qvd_2018-2023.nc
FR-Bil,OK,ICOS,HH,210384,8,0.9621,0.4958,8,0.9621,0.2666,2014-2025,soil/shuttle-all775-era5/soil_FR-Bil_2014-2025.nc
FR-CLt,OK,ICOS,HH,105216,2,1.0000,1.0000,3,1.0000,1.0000,2019-2024,soil/shuttle-all775-era5/soil_FR-CLt_2019-2024.nc
FR-EM2,OK,ICOS,HH,140256,5,0.7553,0.5103,10,0.7553,0.7553,2017-2024,soil/shuttle-all775-era5/soil_FR-EM2_2017-2024.nc
FR-Fon,OK,ICOS,HH,105216,15,0.8700,0.8700,6,0.8700,0.8700,2019-2024,soil/shuttle-all775-era5/soil_FR-Fon_2019-2024.nc
FR-Aur,OK,ICOS,HH,350640,5,1.0000,0.6021,5,1.0000,0.9763,2005-2024,soil/shuttle-all775-era5/soil_FR-Aur_2005-2024.nc
FR-Gri,OK,ICOS,HH,385728,5,0.9338,0.8201,6,0.9747,0.4928,2004-2025,soil/shuttle-all775-era5/soil_FR-Gri_2004-2025.nc
FR-LBr,OK,EUF,HH,192864,6,0.3677,0.3677,3,1.0000,0.9587,1998-2008,soil/shuttle-all775-era5/soil_FR-LBr_1998-2008.nc
FR-Hes,OK,ICOS,HH,508416,5,0.4152,0.4152,6,1.0000,0.4152,1997-2025,soil/shuttle-all775-era5/soil_FR-Hes_1997-2025.nc
FR-Lqu,OK,ICOS,HH,52608,5,0.7162,0.7162,6,0.7162,0.7162,2022-2024,soil/shuttle-all775-era5/soil_FR-Lqu_2022-2024.nc
FR-LGt,OK,ICOS,HH,140256,3,1.0000,1.0000,5,1.0000,1.0000,2017-2024,soil/shuttle-all775-era5/soil_FR-LGt_2017-2024.nc
FR-Lus,OK,ICOS,HH,52608,6,0.7104,0.7104,6,0.7104,0.7104,2022-2024,soil/shuttle-all775-era5/soil_FR-Lus_2022-2024.nc
FR-Mau,OK,EUF,HH,122688,10,1.0000,1.0000,5,0.9002,0.9002,2005-2011,soil/shuttle-all775-era5/soil_FR-Mau_2005-2011.nc
FR-Lam,OK,ICOS,HH,70128,5,0.9267,0.9267,6,0.9267,0.9267,2021-2024,soil/shuttle-all775-era5/soil_FR-Lam_2021-2024.nc
FR-Mej,OK,ICOS,HH,105216,4,0.9906,0.6521,4,0.9906,0.6521,2019-2024,soil/shuttle-all775-era5/soil_FR-Mej_2019-2024.nc
FR-Nzn,OK,EUF,HH,157824,3,0.9816,0.9816,3,0.9816,0.9816,2016-2024,soil/shuttle-all775-era5/soil_FR-Nzn_2016-2024.nc
GH-Ank,OK,EUF,HH,70128,3,0.9731,0.9644,3,1.0000,1.0000,2011-2014,soil/shuttle-all775-era5/soil_GH-Ank_2011-2014.nc
FR-Tou,OK,ICOS,HH,122736,17,1.0000,1.0000,16,1.0000,1.0000,2018-2024,soil/shuttle-all775-era5/soil_FR-Tou_2018-2024.nc
GL-Dsk,OK,ICOS,HH,87696,6,0.8079,0.4672,6,0.8079,0.4672,2020-2024,soil/shuttle-all775-era5/soil_GL-Dsk_2020-2024.nc
GF-Guy,OK,ICOS,HH,140256,3,1.0000,0.7550,3,1.0000,0.1352,2017-2024,soil/shuttle-all775-era5/soil_GF-Guy_2017-2024.nc
GL-ZaF,OK,ICOS,HH,35088,2,0.8741,0.8741,5,0.8741,0.8741,2023-2024,soil/shuttle-all775-era5/soil_GL-ZaF_2023-2024.nc
GL-NuF,OK,ICOS,HH,105216,0,,,6,0.9678,0.9678,2019-2024,soil/shuttle-all775-era5/soil_GL-NuF_2019-2024.nc
GL-ZaH,OK,ICOS,HH,87696,0,,,5,0.9496,0.9496,2020-2024,soil/shuttle-all775-era5/soil_GL-ZaH_2020-2024.nc
HK-MPM,OK,FLX,HH,52608,0,,,3,0.9237,0.5620,2016-2018,soil/shuttle-all775-era5/soil_HK-MPM_2016-2018.nc
FR-Pue,OK,ICOS,HH,455856,7,0.4247,0.1554,7,0.4247,0.1554,2000-2025,soil/shuttle-all775-era5/soil_FR-Pue_2000-2025.nc
IE-CaC,OK,EUF,HH,87648,2,0.9464,0.9382,6,0.7801,0.5098,2003-2007,soil/shuttle-all775-era5/soil_IE-CaC_2003-2007.nc
IE-CaN,OK,EUF,HH,87648,2,0.9464,0.9382,6,0.7801,0.5098,2003-2007,soil/shuttle-all775-era5/soil_IE-CaN_2003-2007.nc
IE-Cra,OK,ICOS,HH,87696,1,1.0000,1.0000,1,1.0000,1.0000,2020-2024,soil/shuttle-all775-era5/soil_IE-Cra_2020-2024.nc
ID-JOP,OK,FLX,HH,192864,4,0.9928,0.6821,0,,,2014-2024,soil/shuttle-all775-era5/soil_ID-JOP_2014-2024.nc
IE-Gwr,OK,EUF,HH,17568,1,0.4599,0.4599,2,0.4226,0.4226,2016-2016,soil/shuttle-all775-era5/soil_IE-Gwr_2016-2016.nc
IL-RmH,OK,EUF,HH,105216,0,,,1,0.8245,0.8245,2015-2020,soil/shuttle-all775-era5/soil_IL-RmH_2015-2020.nc
IT-BFt,OK,ICOS,HH,105216,1,1.0000,1.0000,2,1.0000,0.3403,2019-2024,soil/shuttle-all775-era5/soil_IT-BFt_2019-2024.nc
IT-Arz,OK,EUF,HH,157824,1,0.1245,0.1245,1,0.7927,0.7927,2016-2024,soil/shuttle-all775-era5/soil_IT-Arz_2016-2024.nc
IT-Bsn,OK,EUF,HH,35088,3,0.7900,0.6277,3,0.7900,0.7900,2020-2021,soil/shuttle-all775-era5/soil_IT-Bsn_2020-2021.nc
IT-BsB,OK,EUF,HH,70128,6,1.0000,0.5060,7,1.0000,0.5027,2021-2024,soil/shuttle-all775-era5/soil_IT-BsB_2021-2024.nc
IT-CA2,OK,EUF,HH,70128,3,0.8648,0.6383,3,0.8770,0.8770,2011-2014,soil/shuttle-all775-era5/soil_IT-CA2_2011-2014.nc
IT-CA1,OK,EUF,HH,70128,4,0.9025,0.7189,4,0.9025,0.7144,2011-2014,soil/shuttle-all775-era5/soil_IT-CA1_2011-2014.nc
IT-BCi,OK,ICOS,HH,385728,9,0.9868,0.1222,10,0.9868,0.1222,2004-2025,soil/shuttle-all775-era5/soil_IT-BCi_2004-2025.nc
IL-Yat,OK,EUF,HH,438336,3,0.7956,0.7915,3,0.9716,0.2049,2000-2024,soil/shuttle-all775-era5/soil_IL-Yat_2000-2024.nc
IT-CA3,OK,EUF,HH,70128,4,0.7935,0.6237,4,0.6956,0.6956,2011-2014,soil/shuttle-all775-era5/soil_IT-CA3_2011-2014.nc
IT-Cpz,OK,EUF,HH,140256,2,1.0000,0.6300,3,1.0000,0.6304,2001-2008,soil/shuttle-all775-era5/soil_IT-Cpz_2001-2008.nc
IT-Cp2,OK,ICOS,HH,245472,5,0.9241,0.3317,6,0.9241,0.3317,2012-2025,soil/shuttle-all775-era5/soil_IT-Cp2_2012-2025.nc
IT-Lsn,OK,ICOS,HH,157824,2,1.0000,1.0000,5,0.7717,0.2269,2016-2024,soil/shuttle-all775-era5/soil_IT-Lsn_2016-2024.nc
IT-Lav,OK,EUF,HH,315600,4,0.9403,0.3357,5,1.0000,0.3357,2003-2020,soil/shuttle-all775-era5/soil_IT-Lav_2003-2020.nc
IT-MtP,OK,EUF,HH,105168,3,0.8507,0.8447,1,0.8507,0.8507,2014-2019,soil/shuttle-all775-era5/soil_IT-MtP_2014-2019.nc
IT-MtM,OK,EUF,HH,105168,3,1.0000,1.0000,1,1.0000,1.0000,2014-2019,soil/shuttle-all775-era5/soil_IT-MtM_2014-2019.nc
IT-Noe,OK,ICOS,HH,52608,4,0.6807,0.6807,4,0.6807,0.6807,2022-2024,soil/shuttle-all775-era5/soil_IT-Noe_2022-2024.nc
IT-Niv,OK,ICOS,HH,105216,1,0.3772,0.3772,1,0.8745,0.8745,2019-2024,soil/shuttle-all775-era5/soil_IT-Niv_2019-2024.nc
IT-MBo,OK,ICOS,HH,403248,5,0.9417,0.2568,6,0.9419,0.2650,2003-2025,soil/shuttle-all775-era5/soil_IT-MBo_2003-2025.nc
IT-Ro1,OK,EUF,HH,157824,2,0.9678,0.5602,3,0.9678,0.4489,2000-2008,soil/shuttle-all775-era5/soil_IT-Ro1_2000-2008.nc
IT-Ro2,OK,EUF,HH,192864,2,1.0000,0.6401,3,1.0000,0.8221,2002-2012,soil/shuttle-all775-era5/soil_IT-Ro2_2002-2012.nc
IT-Ren,OK,ICOS,HH,473376,5,0.7414,0.3726,5,1.0000,0.5941,1999-2025,soil/shuttle-all775-era5/soil_IT-Ren_1999-2025.nc
IT-SRo,OK,EUF,HH,245472,3,0.9316,0.6459,3,1.0000,0.6459,1999-2012,soil/shuttle-all775-era5/soil_IT-SRo_1999-2012.nc
IT-NiG,OK,EUF,HH,87696,4,1.0000,0.9122,4,1.0000,1.0000,2020-2024,soil/shuttle-all775-era5/soil_IT-NiG_2020-2024.nc
IT-Tor,OK,ICOS,HH,298080,2,0.9730,0.9730,3,0.8918,0.8918,2008-2024,soil/shuttle-all775-era5/soil_IT-Tor_2008-2024.nc
JP-BBY,OK,JPF,HH,122736,1,0.8133,0.8133,5,1.0000,1.0000,2014-2020,soil/shuttle-all775-era5/soil_JP-BBY_2014-2020.nc
IT-TrF,OK,ICOS,HH,227952,3,0.9532,0.9532,3,0.9532,0.9532,2012-2024,soil/shuttle-all775-era5/soil_IT-TrF_2012-2024.nc
IT-SR2,OK,ICOS,HH,227904,5,0.9655,0.7586,6,0.9655,0.7586,2013-2025,soil/shuttle-all775-era5/soil_IT-SR2_2013-2025.nc
JP-Api,OK,JPF,HH,403248,0,,,1,0.9928,0.9928,2000-2022,soil/shuttle-all775-era5/soil_JP-Api_2000-2022.nc
JP-Fhk,OK,JPF,HH,315552,3,1.0000,1.0000,6,1.0000,1.0000,2006-2023,soil/shuttle-all775-era5/soil_JP-Fhk_2006-2023.nc
JP-MBF,OK,JPF,HH,140256,3,0.9995,0.9995,3,0.9995,0.9995,2004-2011,soil/shuttle-all775-era5/soil_JP-MBF_2004-2011.nc
JP-Khw,OK,JPF,HH,385728,0,,,1,0.6837,0.6837,2000-2021,soil/shuttle-all775-era5/soil_JP-Khw_2000-2021.nc
JP-Fjy,OK,JPF,HH,368160,1,0.6210,0.6210,6,1.0000,1.0000,2001-2021,soil/shuttle-all775-era5/soil_JP-Fjy_2001-2021.nc
JP-MMF,OK,JPF,HH,140256,3,0.9992,0.9992,3,0.9992,0.9992,2004-2011,soil/shuttle-all775-era5/soil_JP-MMF_2004-2011.nc
JP-Kzw,OK,JPF,HH,140256,0,,,3,0.8151,0.8151,2001-2008,soil/shuttle-all775-era5/soil_JP-Kzw_2001-2008.nc
JP-Mse,OK,JPF,HH,140256,3,0.9735,0.9735,5,1.0000,1.0000,2002-2009,soil/shuttle-all775-era5/soil_JP-Mse_2002-2009.nc
JP-Nuf,OK,JPF,HH,35088,0,,,5,1.0000,1.0000,2000-2001,soil/shuttle-all775-era5/soil_JP-Nuf_2000-2001.nc
JP-Nkm,OK,JPF,HH,122736,2,1.0000,0.3283,2,1.0000,1.0000,2018-2024,soil/shuttle-all775-era5/soil_JP-Nkm_2018-2024.nc
JP-Om2,OK,JPF,HH,70128,3,0.9387,0.8381,6,0.9387,0.8387,2022-2025,soil/shuttle-all775-era5/soil_JP-Om2_2022-2025.nc
JP-Sb1,OK,JPF,HH,70128,1,0.8670,0.8670,3,0.8670,0.8670,2007-2010,soil/shuttle-all775-era5/soil_JP-Sb1_2007-2010.nc
JP-Sb2,OK,JPF,HH,70128,1,0.8669,0.8669,3,0.8669,0.8666,2007-2010,soil/shuttle-all775-era5/soil_JP-Sb2_2007-2010.nc
JP-Ta2,OK,JPF,HH,192816,5,0.9819,0.9819,5,0.9819,0.9819,2005-2015,soil/shuttle-all775-era5/soil_JP-Ta2_2005-2015.nc
JP-Spp,OK,JPF,HH,333120,4,0.9852,0.4469,6,0.9859,0.9859,2000-2018,soil/shuttle-all775-era5/soil_JP-Spp_2000-2018.nc
JP-Tak,OK,JPF,HH,420768,0,,,6,1.0000,0.8604,1998-2021,soil/shuttle-all775-era5/soil_JP-Tak_1998-2021.nc
JP-Tgf,OK,JPF,HH,52608,1,0.6680,0.6680,5,1.0000,0.5578,2002-2004,soil/shuttle-all775-era5/soil_JP-Tgf_2002-2004.nc
JP-Tkb,OK,JPF,HH,35040,1,0.5697,0.5697,0,,,2018-2019,soil/shuttle-all775-era5/soil_JP-Tkb_2018-2019.nc
JP-Tmk,OK,JPF,HH,52560,2,0.8771,0.8771,5,1.0000,1.0000,2001-2003,soil/shuttle-all775-era5/soil_JP-Tmk_2001-2003.nc
JP-Tef,OK,JPF,HH,403200,4,0.9735,0.9735,7,0.9735,0.9735,2001-2023,soil/shuttle-all775-era5/soil_JP-Tef_2001-2023.nc
JP-Tmd,OK,JPF,HH,333072,1,0.9698,0.9698,1,0.9698,0.9698,2005-2023,soil/shuttle-all775-era5/soil_JP-Tmd_2005-2023.nc
KE-Aq1,OK,FLX,HH,17520,0,,,2,0.5904,0.5904,2019-2019,soil/shuttle-all775-era5/soil_KE-Aq1_2019-2019.nc
JP-Yms,OK,JPF,HH,420768,1,0.3767,0.3767,1,0.2880,0.2880,2000-2023,soil/shuttle-all775-era5/soil_JP-Yms_2000-2023.nc
JP-SMF,OK,JPF,HH,227904,5,0.9463,0.9400,5,0.9463,0.9187,2002-2014,soil/shuttle-all775-era5/soil_JP-SMF_2002-2014.nc
KE-Aq2,OK,FLX,HH,52608,1,0.6323,0.6323,3,0.6916,0.6916,2022-2024,soil/shuttle-all775-era5/soil_KE-Aq2_2022-2024.nc
JP-Ynf,OK,JPF,HH,175296,5,0.9571,0.8318,5,0.9571,0.8318,2013-2022,soil/shuttle-all775-era5/soil_JP-Ynf_2013-2022.nc
KE-Chk,OK,FLX,HH,52608,3,0.6619,0.6619,3,0.6619,0.6619,2022-2024,soil/shuttle-all775-era5/soil_KE-Chk_2022-2024.nc
KE-Mkt,OK,FLX,HH,105216,3,0.9528,0.9528,3,0.9528,0.9528,2019-2024,soil/shuttle-all775-era5/soil_KE-Mkt_2019-2024.nc
KE-Kpt,OK,FLX,HH,122736,3,0.8699,0.8699,6,0.8699,0.1265,2018-2024,soil/shuttle-all775-era5/soil_KE-Kpt_2018-2024.nc
KR-AdC,OK,KOF,HH,70128,1,0.9572,0.9572,1,0.9572,0.9572,2015-2018,soil/shuttle-all775-era5/soil_KR-AdC_2015-2018.nc
KR-CRK,OK,KOF,HH,122736,2,0.9339,0.9339,2,0.9339,0.9339,2015-2021,soil/shuttle-all775-era5/soil_KR-CRK_2015-2021.nc
KR-GmP,OK,KOF,HH,70128,1,0.8545,0.8545,1,0.8161,0.8161,2011-2014,soil/shuttle-all775-era5/soil_KR-GmP_2011-2014.nc
KR-GmR,OK,KOF,HH,52560,1,1.0000,1.0000,1,1.0000,1.0000,2017-2019,soil/shuttle-all775-era5/soil_KR-GmR_2017-2019.nc
KR-GmS,OK,KOF,HH,52560,1,1.0000,1.0000,1,1.0000,1.0000,2017-2019,soil/shuttle-all775-era5/soil_KR-GmS_2017-2019.nc
KR-HPK,OK,KOF,HH,52608,2,0.8120,0.8120,3,0.8120,0.8120,2016-2018,soil/shuttle-all775-era5/soil_KR-HPK_2016-2018.nc
KR-CmF,OK,KOF,HH,140256,1,0.9560,0.9560,1,0.7041,0.7041,2012-2019,soil/shuttle-all775-era5/soil_KR-CmF_2012-2019.nc
KR-HcM,OK,KOF,HH,70128,1,1.0000,1.0000,1,0.9326,0.9326,2015-2018,soil/shuttle-all775-era5/soil_KR-HcM_2015-2018.nc
KR-JjM,OK,KOF,HH,70128,1,1.0000,1.0000,1,1.0000,1.0000,2015-2018,soil/shuttle-all775-era5/soil_KR-JjM_2015-2018.nc
KR-Hnm,OK,KOF,HH,70128,1,0.9907,0.9907,1,0.9907,0.9907,2016-2019,soil/shuttle-all775-era5/soil_KR-Hnm_2016-2019.nc
KR-Kw1,OK,KOF,HH,87696,3,1.0000,1.0000,1,1.0000,1.0000,2016-2020,soil/shuttle-all775-era5/soil_KR-Kw1_2016-2020.nc
KR-Nj1,OK,KOF,HH,35088,0,,,1,0.8837,0.8837,2023-2024,soil/shuttle-all775-era5/soil_KR-Nj1_2023-2024.nc
KR-Kw2,OK,KOF,HH,87696,3,0.8747,0.8747,2,0.8747,0.8747,2016-2020,soil/shuttle-all775-era5/soil_KR-Kw2_2016-2020.nc
KR-PcD,OK,KOF,HH,70128,1,1.0000,1.0000,1,1.0000,1.0000,2015-2018,soil/shuttle-all775-era5/soil_KR-PcD_2015-2018.nc
KR-TwB,OK,KOF,HH,17568,1,0.8307,0.8307,1,0.8307,0.8307,2024-2024,soil/shuttle-all775-era5/soil_KR-TwB_2024-2024.nc
KR-ScC,OK,KOF,HH,70128,1,1.0000,1.0000,1,1.0000,1.0000,2015-2018,soil/shuttle-all775-era5/soil_KR-ScC_2015-2018.nc
KR-UAO,OK,KOF,HH,52560,1,0.8742,0.8742,1,0.8742,0.8742,2017-2019,soil/shuttle-all775-era5/soil_KR-UAO_2017-2019.nc
KR-SmM,OK,KOF,HH,122736,1,1.0000,1.0000,1,1.0000,1.0000,2015-2021,soil/shuttle-all775-era5/soil_KR-SmM_2015-2021.nc
KR-WdE,OK,KOF,HH,70128,1,1.0000,1.0000,1,1.0000,1.0000,2015-2018,soil/shuttle-all775-era5/soil_KR-WdE_2015-2018.nc
MN-Hst,OK,JPF,HH,105216,1,0.7169,0.7169,1,0.8043,0.8043,2015-2020,soil/shuttle-all775-era5/soil_MN-Hst_2015-2020.nc
MN-Udg,OK,JPF,HH,52608,0,,,7,0.9611,0.9611,2010-2012,soil/shuttle-all775-era5/soil_MN-Udg_2010-2012.nc
MN-Kbu,OK,JPF,HH,105216,1,0.9164,0.9164,1,0.9164,0.9164,2003-2008,soil/shuttle-all775-era5/soil_MN-Kbu_2003-2008.nc
MN-Nkh,OK,JPF,HH,105216,1,0.8067,0.8067,1,0.8067,0.8067,2015-2020,soil/shuttle-all775-era5/soil_MN-Nkh_2015-2020.nc
MX-PMm,OK,AMF,HH,35040,0,,,1,0.7725,0.7725,2017-2018,soil/shuttle-all775-era5/soil_MX-PMm_2017-2018.nc
MX-Aog,OK,AMF,HH,52608,2,0.9703,0.9703,0,,,2016-2018,soil/shuttle-all775-era5/soil_MX-Aog_2016-2018.nc
MX-Tes,OK,AMF,HH,87696,1,0.9044,0.9044,0,,,2004-2008,soil/shuttle-all775-era5/soil_MX-Tes_2004-2008.nc
MY-LHP,OK,JPF,HH,192816,4,0.6700,0.6700,0,,,2009-2019,soil/shuttle-all775-era5/soil_MY-LHP_2009-2019.nc
NL-Hrw,OK,EUF,HH,175296,0,,,5,0.9671,0.9671,2001-2010,soil/shuttle-all775-era5/soil_NL-Hrw_2001-2010.nc
NO-Hur,OK,ICOS,HH,35088,4,0.6142,0.6142,5,0.6142,0.6142,2023-2024,soil/shuttle-all775-era5/soil_NO-Hur_2023-2024.nc
NO-And,OK,EUF,HH,122736,1,0.9459,0.9459,1,0.9459,0.9459,2008-2014,soil/shuttle-all775-era5/soil_NO-And_2008-2014.nc
NL-Vkp,OK,EUF,HH,192864,4,1.0000,1.0000,6,1.0000,1.0000,2014-2024,soil/shuttle-all775-era5/soil_NL-Vkp_2014-2024.nc
NZ-BFm,OK,TERN,HH,70128,1,0.7477,0.7477,1,0.7477,0.7477,2012-2015,soil/shuttle-all775-era5/soil_NZ-BFm_2012-2015.nc
NZ-ADw,OK,TERN,HH,140256,1,0.9055,0.9055,1,0.9055,0.9055,2015-2022,soil/shuttle-all775-era5/soil_NZ-ADw_2015-2022.nc
NZ-BFu,OK,TERN,HH,52608,1,0.6929,0.6929,1,0.6929,0.6929,2012-2014,soil/shuttle-all775-era5/soil_NZ-BFu_2012-2014.nc
NZ-Cla,OK,TERN,HH,70128,1,0.6382,0.6382,1,0.6379,0.6379,2022-2025,soil/shuttle-all775-era5/soil_NZ-Cla_2022-2025.nc
NZ-ADd,OK,TERN,HH,87696,1,0.9385,0.9385,1,0.9385,0.9385,2016-2020,soil/shuttle-all775-era5/soil_NZ-ADd_2016-2020.nc
NZ-Lau,OK,TERN,HH,122736,1,0.9108,0.9108,1,0.9108,0.9108,2019-2025,soil/shuttle-all775-era5/soil_NZ-Lau_2019-2025.nc
NZ-Oxf,OK,TERN,HH,87648,1,1.0000,1.0000,1,1.0000,1.0000,2006-2010,soil/shuttle-all775-era5/soil_NZ-Oxf_2006-2010.nc
NZ-Kop,OK,TERN,HH,70128,0,,,1,1.0000,1.0000,2012-2015,soil/shuttle-all775-era5/soil_NZ-Kop_2012-2015.nc
PA-SPs,OK,EUF,HH,70128,2,0.7244,0.7243,1,0.7335,0.7335,2007-2010,soil/shuttle-all775-era5/soil_PA-SPs_2007-2010.nc
PE-QFR,OK,AMF,HH,87648,0,,,1,1.0000,1.0000,2018-2022,soil/shuttle-all775-era5/soil_PE-QFR_2018-2022.nc
PA-SPn,OK,EUF,HH,52608,2,0.7746,0.4279,1,0.8105,0.8105,2007-2009,soil/shuttle-all775-era5/soil_PA-SPn_2007-2009.nc
PR-xGU,OK,AMF,HH,105216,8,1.0000,1.0000,9,1.0000,1.0000,2019-2024,soil/shuttle-all775-era5/soil_PR-xGU_2019-2024.nc
NL-Loo,OK,ICOS,HH,508416,5,1.0000,0.0915,5,1.0000,0.0915,1997-2025,soil/shuttle-all775-era5/soil_NL-Loo_1997-2025.nc
PR-xLA,OK,AMF,HH,105216,8,1.0000,0.3463,9,1.0000,0.4956,2019-2024,soil/shuttle-all775-era5/soil_PR-xLA_2019-2024.nc
RU-Ch2,OK,EUF,HH,140256,3,0.9926,0.9910,7,0.9926,0.9926,2014-2021,soil/shuttle-all775-era5/soil_RU-Ch2_2014-2021.nc
RU-Che,OK,EUF,HH,157776,3,0.9116,0.9116,7,0.9116,0.9060,2013-2021,soil/shuttle-all775-era5/soil_RU-Che_2013-2021.nc
RU-Ege,OK,JPF,HH,157776,6,0.8396,0.8396,11,0.9764,0.9764,2010-2018,soil/shuttle-all775-era5/soil_RU-Ege_2010-2018.nc
NZ-ScF,OK,TERN,HH,70128,1,1.0000,1.0000,1,1.0000,1.0000,2008-2011,soil/shuttle-all775-era5/soil_NZ-ScF_2008-2011.nc
RU-Fy2,OK,EUF,HH,175344,4,0.9645,0.6642,5,0.9645,0.6554,2015-2024,soil/shuttle-all775-era5/soil_RU-Fy2_2015-2024.nc
RU-Fy4,OK,EUF,HH,105216,0,,,4,0.9355,0.7659,2015-2020,soil/shuttle-all775-era5/soil_RU-Fy4_2015-2020.nc
RU-Ha1,OK,EUF,HH,52608,1,0.8466,0.8466,2,0.8466,0.8466,2002-2004,soil/shuttle-all775-era5/soil_RU-Ha1_2002-2004.nc
RU-NeB,OK,JPF,HH,35088,1,0.6410,0.6410,0,,,1999-2000,soil/shuttle-all775-era5/soil_RU-NeB_1999-2000.nc
RU-NeC,OK,JPF,HH,105168,1,0.9151,0.9151,0,,,2001-2006,soil/shuttle-all775-era5/soil_RU-NeC_2001-2006.nc
RU-Sk2,OK,JPF,HH,87696,0,,,7,0.8305,0.8305,2004-2008,soil/shuttle-all775-era5/soil_RU-Sk2_2004-2008.nc
RU-Fyo,OK,EUF,HH,473376,4,0.6923,0.2238,5,0.9862,0.2238,1998-2024,soil/shuttle-all775-era5/soil_RU-Fyo_1998-2024.nc
RU-Fy3,OK,EUF,HH,52608,1,0.8863,0.8863,1,0.8863,0.8863,2016-2018,soil/shuttle-all775-era5/soil_RU-Fy3_2016-2018.nc
RU-Tur,OK,JPF,HH,17568,1,0.1990,0.1990,1,0.1991,0.1991,2004-2004,soil/shuttle-all775-era5/soil_RU-Tur_2004-2004.nc
SD-Dem,OK,EUF,HH,52608,6,1.0000,1.0000,0,,,2007-2009,soil/shuttle-all775-era5/soil_SD-Dem_2007-2009.nc
RU-SkP,OK,JPF,HH,192864,6,1.0000,0.3157,7,1.0000,1.0000,2004-2014,soil/shuttle-all775-era5/soil_RU-SkP_2004-2014.nc
SE-Deg,OK,ICOS,HH,105216,5,0.8695,0.7585,6,0.8695,0.8695,2019-2024,soil/shuttle-all775-era5/soil_SE-Deg_2019-2024.nc
SE-HfM,OK,EUF,HH,70128,0,,,5,0.9480,0.9480,2020-2023,soil/shuttle-all775-era5/soil_SE-HfM_2020-2023.nc
SE-Hmr,OK,EUF,HH,70128,0,,,5,0.9480,0.9480,2020-2023,soil/shuttle-all775-era5/soil_SE-Hmr_2020-2023.nc
RU-NeF,OK,JPF,HH,122736,1,0.9189,0.9189,0,,,2000-2006,soil/shuttle-all775-era5/soil_RU-NeF_2000-2006.nc
SE-Nor,OK,ICOS,HH,122736,4,0.8850,0.8850,5,0.8850,0.8850,2018-2024,soil/shuttle-all775-era5/soil_SE-Nor_2018-2024.nc
SE-Htm,OK,ICOS,HH,122736,5,0.9636,0.6105,6,0.9386,0.9386,2018-2024,soil/shuttle-all775-era5/soil_SE-Htm_2018-2024.nc
SE-Srj,OK,EUF,HH,70128,0,,,5,0.9480,0.9480,2020-2023,soil/shuttle-all775-era5/soil_SE-Srj_2020-2023.nc
SE-Sto,OK,ICOS,HH,52608,6,0.8887,0.8887,6,0.8887,0.8887,2022-2024,soil/shuttle-all775-era5/soil_SE-Sto_2022-2024.nc
SE-St1,OK,EUF,HH,140256,0,,,4,0.9240,0.9240,2012-2019,soil/shuttle-all775-era5/soil_SE-St1_2012-2019.nc
SE-Ros,OK,EUF,HH,122736,2,0.9351,0.9351,2,0.9351,0.9351,2014-2020,soil/shuttle-all775-era5/soil_SE-Ros_2014-2020.nc
TH-Kog,OK,JPF,HH,157776,5,0.7975,0.7534,0,,,2005-2013,soil/shuttle-all775-era5/soil_TH-Kog_2005-2013.nc
SN-Nkr,OK,EUF,HH,122736,9,0.9289,0.9289,9,0.9661,0.5247,2018-2024,soil/shuttle-all775-era5/soil_SN-Nkr_2018-2024.nc
SN-Dhr,OK,EUF,HH,227904,4,0.9613,0.1733,3,0.9613,0.7704,2010-2022,soil/shuttle-all775-era5/soil_SN-Dhr_2010-2022.nc
TH-Mae,OK,JPF,HH,210384,4,0.9558,0.9558,6,0.9558,0.7708,2005-2016,soil/shuttle-all775-era5/soil_TH-Mae_2005-2016.nc
SE-Svb,OK,ICOS,HH,210384,5,1.0000,0.5546,6,1.0000,0.5291,2014-2025,soil/shuttle-all775-era5/soil_SE-Svb_2014-2025.nc
UK-Ags,OK,EUF,HH,35088,6,0.5187,0.5186,6,0.5187,0.5187,2023-2024,soil/shuttle-all775-era5/soil_UK-Ags_2023-2024.nc
UK-BnB,OK,EUF,HH,70128,6,0.9104,0.9104,6,0.9104,0.9104,2021-2024,soil/shuttle-all775-era5/soil_UK-BnB_2021-2024.nc
UK-CCr,OK,EUF,HH,52608,6,0.9838,0.9838,6,0.9838,0.9838,2022-2024,soil/shuttle-all775-era5/soil_UK-CCr_2022-2024.nc
UK-Cvn,OK,EUF,HH,35088,4,0.6998,0.6648,4,0.6998,0.6998,2023-2024,soil/shuttle-all775-era5/soil_UK-Cvn_2023-2024.nc
UK-GaB,OK,EUF,HH,52608,6,0.9553,0.4225,6,0.9553,0.9553,2022-2024,soil/shuttle-all775-era5/soil_UK-GaB_2022-2024.nc
UK-Gwr,OK,EUF,HH,52608,6,0.9571,0.9571,6,0.9571,0.9571,2022-2024,soil/shuttle-all775-era5/soil_UK-Gwr_2022-2024.nc
UK-HgF,OK,EUF,HH,35088,4,0.8312,0.8312,4,0.8312,0.8312,2023-2024,soil/shuttle-all775-era5/soil_UK-HgF_2023-2024.nc
UK-HpF,OK,EUF,HH,35088,6,0.9954,0.9954,6,0.9954,0.9954,2023-2024,soil/shuttle-all775-era5/soil_UK-HpF_2023-2024.nc
UK-Gnn,OK,EUF,HH,52608,6,0.9519,0.4220,6,0.9519,0.9519,2022-2024,soil/shuttle-all775-era5/soil_UK-Gnn_2022-2024.nc
US-A32,OK,AMF,HH,52608,2,0.6923,0.6923,2,0.6923,0.6923,2015-2017,soil/shuttle-all775-era5/soil_US-A32_2015-2017.nc
US-A03,OK,AMF,HH,122736,2,0.9277,0.9277,3,0.9277,0.9277,2015-2021,soil/shuttle-all775-era5/soil_US-A03_2015-2021.nc
US-A10,OK,AMF,HH,210384,2,0.8480,0.8480,3,0.9192,0.8480,2011-2022,soil/shuttle-all775-era5/soil_US-A10_2011-2022.nc
US-A37,OK,AMF,HH,17568,6,1.0000,1.0000,6,1.0000,1.0000,2024-2024,soil/shuttle-all775-era5/soil_US-A37_2024-2024.nc
US-A74,OK,AMF,HH,35088,2,0.9070,0.9070,2,0.9138,0.9138,2016-2017,soil/shuttle-all775-era5/soil_US-A74_2016-2017.nc
US-A39,OK,AMF,HH,17568,6,1.0000,1.0000,6,1.0000,1.0000,2024-2024,soil/shuttle-all775-era5/soil_US-A39_2024-2024.nc
US-ABa,OK,AMF,HH,52560,1,0.8407,0.8407,1,0.8484,0.8484,2013-2015,soil/shuttle-all775-era5/soil_US-ABa_2013-2015.nc
US-ABb,OK,AMF,HH,52560,1,0.7516,0.7516,1,0.8484,0.8484,2013-2015,soil/shuttle-all775-era5/soil_US-ABb_2013-2015.nc
US-ABc,OK,AMF,HH,52560,1,0.8254,0.8254,1,0.8254,0.8254,2013-2015,soil/shuttle-all775-era5/soil_US-ABc_2013-2015.nc
US-ABd,OK,AMF,HH,52560,1,0.8484,0.8484,1,0.8484,0.8484,2013-2015,soil/shuttle-all775-era5/soil_US-ABd_2013-2015.nc
US-ABe,OK,AMF,HH,52560,1,0.8048,0.8048,1,0.8048,0.8048,2013-2015,soil/shuttle-all775-era5/soil_US-ABe_2013-2015.nc
US-AR1,OK,AMF,HH,70128,2,0.9292,0.9292,2,0.9292,0.9292,2009-2012,soil/shuttle-all775-era5/soil_US-AR1_2009-2012.nc
US-ADR,OK,AMF,HH,122736,1,0.8705,0.8705,1,0.8705,0.8705,2011-2017,soil/shuttle-all775-era5/soil_US-ADR_2011-2017.nc
UK-AMo,OK,ICOS,HH,385728,4,0.2764,0.2764,4,1.0000,0.5946,2003-2024,soil/shuttle-all775-era5/soil_UK-AMo_2003-2024.nc
US-ASH,OK,AMF,HH,17568,0,,,1,0.2631,0.2631,2016-2016,soil/shuttle-all775-era5/soil_US-ASH_2016-2016.nc
US-AR2,OK,AMF,HH,70128,2,0.7592,0.7592,2,0.8358,0.8358,2009-2012,soil/shuttle-all775-era5/soil_US-AR2_2009-2012.nc
US-ASM,OK,AMF,HH,17568,0,,,1,0.2923,0.2923,2016-2016,soil/shuttle-all775-era5/soil_US-ASM_2016-2016.nc
US-BRG,OK,AMF,HH,70128,1,0.9758,0.9758,1,0.9758,0.9758,2017-2020,soil/shuttle-all775-era5/soil_US-BRG_2017-2020.nc
US-BZB,OK,AMF,HH,262992,1,0.9766,0.9766,1,0.9805,0.9805,2011-2025,soil/shuttle-all775-era5/soil_US-BZB_2011-2025.nc
US-Aud,OK,AMF,HH,403248,3,0.9830,0.9830,6,0.9830,0.9412,2002-2024,soil/shuttle-all775-era5/soil_US-Aud_2002-2024.nc
US-ARM,OK,AMF,HH,403248,9,1.0000,0.4251,11,1.0000,0.4002,2003-2025,soil/shuttle-all775-era5/soil_US-ARM_2003-2025.nc
US-BZo,OK,AMF,HH,140256,1,0.9166,0.9166,1,0.9167,0.9167,2018-2025,soil/shuttle-all775-era5/soil_US-BZo_2018-2025.nc
US-Bi1,OK,AMF,HH,157824,2,0.9361,0.7184,5,0.9361,0.9361,2016-2024,soil/shuttle-all775-era5/soil_US-Bi1_2016-2024.nc
US-BZF,OK,AMF,HH,262992,1,0.9594,0.9594,1,0.9594,0.9594,2011-2025,soil/shuttle-all775-era5/soil_US-BZF_2011-2025.nc
US-Bi2,OK,AMF,HH,157776,1,0.8993,0.8993,5,0.8993,0.8993,2017-2025,soil/shuttle-all775-era5/soil_US-Bi2_2017-2025.nc
US-CAK,OK,AMF,HH,35088,3,0.5560,0.5560,13,0.5560,0.5531,2024-2025,soil/shuttle-all775-era5/soil_US-CAK_2024-2025.nc
US-Bar,OK,AMF,HH,350640,1,0.9799,0.9799,2,0.9970,0.9970,2004-2023,soil/shuttle-all775-era5/soil_US-Bar_2004-2023.nc
US-CF1,OK,AMF,HH,87648,1,0.4589,0.4589,1,0.4589,0.4589,2017-2021,soil/shuttle-all775-era5/soil_US-CF1_2017-2021.nc
US-CF3,OK,AMF,HH,87648,1,0.4589,0.4589,1,0.4589,0.4589,2017-2021,soil/shuttle-all775-era5/soil_US-CF3_2017-2021.nc
US-CF4,OK,AMF,HH,87648,1,0.4589,0.4589,1,0.4589,0.4589,2017-2021,soil/shuttle-all775-era5/soil_US-CF4_2017-2021.nc
US-CGG,OK,AMF,HH,105216,1,0.9195,0.9195,5,0.9243,0.8569,2019-2024,soil/shuttle-all775-era5/soil_US-CGG_2019-2024.nc
US-CF2,OK,AMF,HH,70128,1,0.7818,0.7818,1,0.7830,0.7830,2017-2020,soil/shuttle-all775-era5/soil_US-CF2_2017-2020.nc
US-CLF,OK,AMF,HH,70128,1,0.6447,0.6447,1,0.6447,0.6447,2017-2020,soil/shuttle-all775-era5/soil_US-CLF_2017-2020.nc
US-CRT,OK,AMF,HH,52608,1,1.0000,1.0000,1,1.0000,1.0000,2011-2013,soil/shuttle-all775-era5/soil_US-CRT_2011-2013.nc
US-CRK,OK,AMF,HH,70128,2,0.8682,0.8682,3,0.8682,0.8682,2022-2025,soil/shuttle-all775-era5/soil_US-CRK_2022-2025.nc
US-CS2,OK,AMF,HH,87648,4,0.2362,0.2362,4,0.2362,0.2362,2018-2022,soil/shuttle-all775-era5/soil_US-CS2_2018-2022.nc
US-CS5,OK,AMF,HH,17520,4,0.3288,0.3288,4,0.5824,0.3288,2021-2021,soil/shuttle-all775-era5/soil_US-CS5_2021-2021.nc
US-CS6,OK,AMF,HH,35040,4,0.5261,0.5261,4,0.5295,0.5261,2022-2023,soil/shuttle-all775-era5/soil_US-CS6_2022-2023.nc
US-CS8,OK,AMF,HH,17520,0,,,4,0.4684,0.2357,2023-2023,soil/shuttle-all775-era5/soil_US-CS8_2023-2023.nc
US-CdM,OK,AMF,HH,105216,5,0.9316,0.7386,5,0.9316,0.7386,2019-2024,soil/shuttle-all775-era5/soil_US-CdM_2019-2024.nc
US-CMW,OK,AMF,HH,368160,1,0.9926,0.9926,6,0.9926,0.7088,2001-2021,soil/shuttle-all775-era5/soil_US-CMW_2001-2021.nc
US-Ced,OK,AMF,HH,175296,0,,,1,0.6619,0.6619,2005-2014,soil/shuttle-all775-era5/soil_US-Ced_2005-2014.nc
US-Cop,OK,AMF,HR,61344,2,0.8031,0.7944,2,1.0000,0.7944,2001-2007,soil/shuttle-all775-era5/soil_US-Cop_2001-2007.nc
US-Cms,OK,AMF,HH,122736,0,,,5,0.9024,0.9024,1999-2005,soil/shuttle-all775-era5/soil_US-Cms_1999-2005.nc
US-Cst,OK,AMF,HH,87648,1,0.9425,0.9425,1,0.8787,0.8787,2013-2017,soil/shuttle-all775-era5/soil_US-Cst_2013-2017.nc
US-ChR,OK,AMF,HH,245424,5,0.9747,0.3331,7,1.0000,0.1746,2006-2019,soil/shuttle-all775-era5/soil_US-ChR_2006-2019.nc
US-DFK,OK,AMF,HH,52608,1,0.2268,0.2268,1,0.2313,0.2313,2018-2020,soil/shuttle-all775-era5/soil_US-DFK_2018-2020.nc
US-Cwt,OK,AMF,HR,122736,1,1.0000,1.0000,0,,,2011-2024,soil/shuttle-all775-era5/soil_US-Cwt_2011-2024.nc
US-DS1,OK,AMF,HH,35040,2,0.7542,0.7542,3,0.7542,0.7541,2018-2019,soil/shuttle-all775-era5/soil_US-DS1_2018-2019.nc
US-DFC,OK,AMF,HH,122736,1,0.8926,0.8926,1,0.8926,0.8926,2018-2024,soil/shuttle-all775-era5/soil_US-DFC_2018-2024.nc
US-Dix,OK,AMF,HH,70128,0,,,1,1.0000,1.0000,2005-2008,soil/shuttle-all775-era5/soil_US-Dix_2005-2008.nc
US-DS2,OK,AMF,HH,70128,1,0.9432,0.9432,3,0.9432,0.4819,2020-2023,soil/shuttle-all775-era5/soil_US-DS2_2020-2023.nc
US-DS3,OK,AMF,HH,87648,3,0.7605,0.6561,3,0.7605,0.7605,2021-2025,soil/shuttle-all775-era5/soil_US-DS3_2021-2025.nc
US-Dk1,OK,AMF,HH,140256,2,0.8799,0.8799,0,,,2001-2008,soil/shuttle-all775-era5/soil_US-Dk1_2001-2008.nc
US-Dk2,OK,AMF,HH,140256,2,0.8799,0.8799,2,0.6300,0.6300,2001-2008,soil/shuttle-all775-era5/soil_US-Dk2_2001-2008.nc
US-Dk3,OK,AMF,HH,140256,1,1.0000,1.0000,2,1.0000,0.3802,2001-2008,soil/shuttle-all775-era5/soil_US-Dk3_2001-2008.nc
US-EA4,OK,AMF,HH,87648,1,0.8390,0.8390,1,0.8390,0.8390,2021-2025,soil/shuttle-all775-era5/soil_US-EA4_2021-2025.nc
US-EA6,OK,AMF,HH,17520,1,0.4740,0.4740,1,0.4740,0.4740,2023-2023,soil/shuttle-all775-era5/soil_US-EA6_2023-2023.nc
US-Dmg,OK,AMF,HH,87648,0,,,5,0.8705,0.8705,2021-2025,soil/shuttle-all775-era5/soil_US-Dmg_2021-2025.nc
US-EA5,OK,AMF,HH,35040,1,0.6584,0.6584,2,0.8774,0.6584,2021-2022,soil/shuttle-all775-era5/soil_US-EA5_2021-2022.nc
US-EKH,OK,AMF,HH,52608,0,,,6,0.8390,0.8390,2022-2024,soil/shuttle-all775-era5/soil_US-EKH_2022-2024.nc
US-EKN,OK,AMF,HH,35088,0,,,6,0.7682,0.7682,2023-2024,soil/shuttle-all775-era5/soil_US-EKN_2023-2024.nc
US-EKP,OK,AMF,HH,52608,0,,,6,0.8555,0.8555,2022-2024,soil/shuttle-all775-era5/soil_US-EKP_2022-2024.nc
US-EDN,OK,AMF,HH,122736,0,,,4,0.9697,0.9697,2018-2024,soil/shuttle-all775-era5/soil_US-EDN_2018-2024.nc
US-EvM,OK,AMF,HH,70128,0,,,7,0.9274,0.7598,2020-2023,soil/shuttle-all775-era5/soil_US-EvM_2020-2023.nc
US-Esm,OK,AMF,HH,298080,1,0.4729,0.4729,6,1.0000,0.5310,2008-2024,soil/shuttle-all775-era5/soil_US-Esm_2008-2024.nc
US-Elm,OK,AMF,HH,298080,1,0.3838,0.3838,5,0.9647,0.5887,2008-2024,soil/shuttle-all775-era5/soil_US-Elm_2008-2024.nc
US-Fcr,OK,AMF,HH,70128,1,0.8316,0.8316,5,0.8534,0.8315,2011-2014,soil/shuttle-all775-era5/soil_US-Fcr_2011-2014.nc
US-Fmf,OK,AMF,HH,105168,2,0.8959,0.8959,2,0.8970,0.8970,2005-2010,soil/shuttle-all775-era5/soil_US-Fmf_2005-2010.nc
US-Fo2,OK,AMF,HH,35088,2,0.8615,0.8615,4,0.8615,0.8615,2023-2024,soil/shuttle-all775-era5/soil_US-Fo2_2023-2024.nc
US-Fo1,OK,AMF,HH,210384,2,0.9367,0.1834,3,0.9368,0.9368,2013-2024,soil/shuttle-all775-era5/soil_US-Fo1_2013-2024.nc
US-EML,OK,AMF,HH,280512,1,0.9304,0.9304,4,0.9362,0.4960,2008-2023,soil/shuttle-all775-era5/soil_US-EML_2008-2023.nc
US-Fuf,OK,AMF,HH,105168,2,0.8893,0.8893,2,0.8920,0.8920,2005-2010,soil/shuttle-all775-era5/soil_US-Fuf_2005-2010.nc
US-Fwf,OK,AMF,HH,105168,2,0.9312,0.9285,2,0.9312,0.9285,2005-2010,soil/shuttle-all775-era5/soil_US-Fwf_2005-2010.nc
US-HB1,OK,AMF,HH,122736,0,,,2,1.0000,1.0000,2018-2024,soil/shuttle-all775-era5/soil_US-HB1_2018-2024.nc
US-HB2,OK,AMF,HH,122736,1,0.7595,0.7595,1,0.8631,0.8631,2018-2024,soil/shuttle-all775-era5/soil_US-HB2_2018-2024.nc
US-HB3,OK,AMF,HH,105216,10,1.0000,0.2169,10,1.0000,0.2169,2019-2024,soil/shuttle-all775-era5/soil_US-HB3_2019-2024.nc
US-GLE,OK,AMF,HH,280512,5,0.9868,0.9868,10,0.9868,0.6330,2005-2020,soil/shuttle-all775-era5/soil_US-GLE_2005-2020.nc
US-HB4,OK,AMF,HH,87696,0,,,2,0.9657,0.9657,2020-2024,soil/shuttle-all775-era5/soil_US-HB4_2020-2024.nc
US-HVs,OK,AMF,HH,17520,0,,,6,0.3562,0.3562,1995-1995,soil/shuttle-all775-era5/soil_US-HVs_1995-1995.nc
US-HBK,OK,AMF,HH,157824,4,0.8935,0.8935,0,,,2016-2024,soil/shuttle-all775-era5/soil_US-HBK_2016-2024.nc
US-HRA,OK,AMF,HH,175344,1,0.8072,0.8072,1,0.9273,0.9273,2015-2024,soil/shuttle-all775-era5/soil_US-HRA_2015-2024.nc
US-HRC,OK,AMF,HH,175344,1,0.9121,0.9121,1,0.9258,0.9258,2015-2024,soil/shuttle-all775-era5/soil_US-HRC_2015-2024.nc
US-HWB,OK,AMF,HH,70128,1,0.7972,0.7972,1,0.7972,0.7972,2015-2018,soil/shuttle-all775-era5/soil_US-HWB_2015-2018.nc
US-Hn2,OK,AMF,HH,70128,1,0.6079,0.6079,2,0.6079,0.3851,2015-2018,soil/shuttle-all775-era5/soil_US-Hn2_2015-2018.nc
US-Hn3,OK,AMF,HH,35040,2,0.1001,0.1001,3,0.3844,0.0594,2017-2018,soil/shuttle-all775-era5/soil_US-Hn3_2017-2018.nc
US-Ha1,OK,AMF,HR,306816,4,0.5272,0.0829,4,0.9737,0.1115,1991-2025,soil/shuttle-all775-era5/soil_US-Ha1_1991-2025.nc
US-Hsm,OK,AMF,HH,87648,1,0.0879,0.0879,6,0.9701,0.9701,2021-2025,soil/shuttle-all775-era5/soil_US-Hsm_2021-2025.nc
US-IAB,OK,AMF,HH,105216,3,0.4936,0.4923,3,0.9136,0.9136,2019-2024,soil/shuttle-all775-era5/soil_US-IAB_2019-2024.nc
US-IAC,OK,AMF,HH,105216,3,0.4661,0.2779,3,0.8449,0.8449,2019-2024,soil/shuttle-all775-era5/soil_US-IAC_2019-2024.nc
US-Ho2,OK,AMF,HH,473376,4,0.0623,0.0623,5,0.6931,0.0623,1999-2025,soil/shuttle-all775-era5/soil_US-Ho2_1999-2025.nc
US-Ho3,OK,AMF,HH,333120,2,0.4777,0.4536,2,0.4777,0.4654,2003-2021,soil/shuttle-all775-era5/soil_US-Ho3_2003-2021.nc
US-IAM,OK,AMF,HH,105216,3,0.9190,0.8566,3,0.9190,0.8566,2019-2024,soil/shuttle-all775-era5/soil_US-IAM_2019-2024.nc
US-ICh,OK,AMF,HH,333120,1,0.9648,0.9648,1,0.9648,0.9648,2007-2025,soil/shuttle-all775-era5/soil_US-ICh_2007-2025.nc
US-ICt,OK,AMF,HH,333120,1,0.9741,0.9741,1,0.9765,0.9765,2007-2025,soil/shuttle-all775-era5/soil_US-ICt_2007-2025.nc
US-ICs,OK,AMF,HH,333120,1,0.9595,0.9595,1,0.9648,0.9648,2007-2025,soil/shuttle-all775-era5/soil_US-ICs_2007-2025.nc
US-Jo1,OK,AMF,HH,227904,4,0.9432,0.8574,1,0.8481,0.8481,2010-2022,soil/shuttle-all775-era5/soil_US-Jo1_2010-2022.nc
US-KPL,OK,AMF,HH,70128,1,0.9127,0.9127,0,,,2021-2024,soil/shuttle-all775-era5/soil_US-KPL_2021-2024.nc
US-Jo2,OK,AMF,HH,192864,4,0.9507,0.9507,1,0.9507,0.9507,2010-2020,soil/shuttle-all775-era5/soil_US-Jo2_2010-2020.nc
US-KLS,OK,AMF,HH,140256,2,0.8799,0.5950,2,0.8799,0.5582,2012-2019,soil/shuttle-all775-era5/soil_US-KLS_2012-2019.nc
US-KFS,OK,AMF,HH,227904,2,0.8945,0.3909,2,0.8945,0.8945,2007-2019,soil/shuttle-all775-era5/soil_US-KFS_2007-2019.nc
US-LA3,OK,AMF,HH,87648,1,0.0118,0.0118,1,0.0118,0.0118,2019-2023,soil/shuttle-all775-era5/soil_US-LA3_2019-2023.nc
US-LS1,OK,AMF,HH,87648,6,0.9111,0.9111,6,0.9111,0.9111,2003-2007,soil/shuttle-all775-era5/soil_US-LS1_2003-2007.nc
US-LA2,OK,AMF,HH,227904,0,,,1,0.1545,0.1545,2011-2023,soil/shuttle-all775-era5/soil_US-LA2_2011-2023.nc
US-Lin,OK,AMF,HH,35040,2,0.5506,0.5506,2,0.5506,0.5506,2009-2010,soil/shuttle-all775-era5/soil_US-Lin_2009-2010.nc
US-LS2,OK,AMF,HH,87648,6,0.9110,0.9110,6,0.9077,0.9077,2003-2007,soil/shuttle-all775-era5/soil_US-LS2_2003-2007.nc
US-Kon,OK,AMF,HH,280512,2,0.9401,0.5676,2,0.9325,0.7449,2004-2019,soil/shuttle-all775-era5/soil_US-Kon_2004-2019.nc
US-MEF,OK,AMF,HH,35088,3,1.0000,1.0000,3,1.0000,1.0000,2024-2025,soil/shuttle-all775-era5/soil_US-MEF_2024-2025.nc
US-MMS,OK,AMF,HR,219144,1,1.0000,1.0000,1,1.0000,1.0000,1999-2023,soil/shuttle-all775-era5/soil_US-MMS_1999-2023.nc
US-MN1,OK,AMF,HH,140256,1,0.9424,0.9424,1,0.9506,0.9506,2017-2024,soil/shuttle-all775-era5/soil_US-MN1_2017-2024.nc
US-MBP,OK,AMF,HH,280512,0,,,7,1.0000,0.1901,2009-2024,soil/shuttle-all775-era5/soil_US-MBP_2009-2024.nc
US-Los,OK,AMF,HH,455856,0,,,6,0.4423,0.3998,2000-2025,soil/shuttle-all775-era5/soil_US-Los_2000-2025.nc
US-MN2,OK,AMF,HH,140256,1,0.9424,0.9424,1,0.9505,0.9505,2017-2024,soil/shuttle-all775-era5/soil_US-MN2_2017-2024.nc
US-Me1,OK,AMF,HH,35088,1,0.5403,0.5403,2,0.5403,0.5403,2004-2005,soil/shuttle-all775-era5/soil_US-Me1_2004-2005.nc
US-MN3,OK,AMF,HH,87696,1,0.9395,0.9395,1,0.9395,0.9395,2020-2024,soil/shuttle-all775-era5/soil_US-MN3_2020-2024.nc
US-Me5,OK,AMF,HH,52608,1,1.0000,1.0000,2,1.0000,1.0000,2000-2002,soil/shuttle-all775-era5/soil_US-Me5_2000-2002.nc
US-Me3,OK,AMF,HH,105216,1,0.9590,0.9590,2,0.9590,0.9590,2004-2009,soil/shuttle-all775-era5/soil_US-Me3_2004-2009.nc
US-MOz,OK,AMF,HH,315600,1,0.9772,0.9772,1,0.9778,0.9778,2004-2021,soil/shuttle-all775-era5/soil_US-MOz_2004-2021.nc
US-Mo2,OK,AMF,HH,122736,1,0.7309,0.7309,1,1.0000,1.0000,2018-2024,soil/shuttle-all775-era5/soil_US-Mo2_2018-2024.nc
US-Me6,OK,AMF,HH,280512,5,0.9364,0.9364,6,0.9799,0.8777,2010-2025,soil/shuttle-all775-era5/soil_US-Me6_2010-2025.nc
US-Mo1,OK,AMF,HH,175344,1,0.9294,0.9294,1,0.9294,0.9294,2015-2024,soil/shuttle-all775-era5/soil_US-Mo1_2015-2024.nc
US-Mo3,OK,AMF,HH,140256,1,0.9531,0.9531,1,0.9531,0.9531,2016-2023,soil/shuttle-all775-era5/soil_US-Mo3_2016-2023.nc
US-NC1,OK,AMF,HH,140256,1,1.0000,1.0000,2,1.0000,1.0000,2005-2012,soil/shuttle-all775-era5/soil_US-NC1_2005-2012.nc
US-MtB,OK,AMF,HH,280512,4,0.9505,0.9505,7,0.9190,0.9190,2009-2024,soil/shuttle-all775-era5/soil_US-MtB_2009-2024.nc
US-Myb,OK,AMF,HH,280512,0,,,6,0.9381,0.7930,2010-2025,soil/shuttle-all775-era5/soil_US-Myb_2010-2025.nc
US-NC5,OK,AMF,HH,17520,3,0.7342,0.7342,3,0.7342,0.7342,2025-2025,soil/shuttle-all775-era5/soil_US-NC5_2025-2025.nc
US-NC3,OK,AMF,HH,157776,1,0.9635,0.9635,2,0.9635,0.9635,2013-2021,soil/shuttle-all775-era5/soil_US-NC3_2013-2021.nc
US-NC2,OK,AMF,HH,368160,1,1.0000,1.0000,2,1.0000,1.0000,2005-2025,soil/shuttle-all775-era5/soil_US-NC2_2005-2025.nc
US-NC4,OK,AMF,HH,298032,1,0.9979,0.9979,2,0.9949,0.7649,2009-2025,soil/shuttle-all775-era5/soil_US-NC4_2009-2025.nc
US-NGC,OK,AMF,HH,122688,1,0.8817,0.8817,1,0.8813,0.8813,2017-2023,soil/shuttle-all775-era5/soil_US-NGC_2017-2023.nc
US-NGB,OK,AMF,HH,210384,0,,,1,0.9234,0.9234,2012-2023,soil/shuttle-all775-era5/soil_US-NGB_2012-2023.nc
US-NSa,OK,AMF,HH,52608,1,0.5820,0.5820,1,0.5820,0.5820,2023-2025,soil/shuttle-all775-era5/soil_US-NSa_2023-2025.nc
US-NSb,OK,AMF,HH,52608,1,0.5773,0.5773,1,0.5773,0.5773,2023-2025,soil/shuttle-all775-era5/soil_US-NSb_2023-2025.nc
US-NR3,OK,AMF,HH,315600,3,0.9070,0.9070,3,0.6268,0.1301,2007-2024,soil/shuttle-all775-era5/soil_US-NR3_2007-2024.nc
US-NR1,OK,AMF,HH,490896,1,0.8541,0.8541,1,0.9650,0.9650,1998-2025,soil/shuttle-all775-era5/soil_US-NR1_1998-2025.nc
US-Ne2,OK,AMF,HR,210384,4,0.9825,0.9825,8,0.9837,0.3986,2001-2024,soil/shuttle-all775-era5/soil_US-Ne2_2001-2024.nc
US-Ne1,OK,AMF,HR,210384,4,0.9832,0.9832,8,0.9839,0.3994,2001-2024,soil/shuttle-all775-era5/soil_US-Ne1_2001-2024.nc
US-ONA,OK,AMF,HH,122736,1,1.0000,1.0000,1,1.0000,1.0000,2016-2022,soil/shuttle-all775-era5/soil_US-ONA_2016-2022.nc
US-OPE,OK,AMF,HH,17520,1,1.0000,1.0000,2,1.0000,1.0000,2022-2022,soil/shuttle-all775-era5/soil_US-OPE_2022-2022.nc
US-Ne3,OK,AMF,HR,210384,5,0.9828,0.8571,8,0.9830,0.4007,2001-2024,soil/shuttle-all775-era5/soil_US-Ne3_2001-2024.nc
US-PAS,OK,AMF,HH,35040,1,0.9634,0.9634,1,0.9648,0.9648,2021-2022,soil/shuttle-all775-era5/soil_US-PAS_2021-2022.nc
US-PFL,OK,AMF,HH,17520,1,0.3742,0.3742,4,0.3742,0.3742,2019-2019,soil/shuttle-all775-era5/soil_US-PFL_2019-2019.nc
US-PFb,OK,AMF,HH,17520,1,0.3859,0.3859,4,0.3961,0.3961,2019-2019,soil/shuttle-all775-era5/soil_US-PFb_2019-2019.nc
US-OWC,OK,AMF,HH,192864,0,,,2,0.9253,0.8015,2015-2025,soil/shuttle-all775-era5/soil_US-OWC_2015-2025.nc
US-Oho,OK,AMF,HH,175344,1,1.0000,1.0000,2,1.0000,1.0000,2004-2013,soil/shuttle-all775-era5/soil_US-Oho_2004-2013.nc
US-PFc,OK,AMF,HH,17520,1,0.3764,0.3764,4,0.3764,0.3764,2019-2019,soil/shuttle-all775-era5/soil_US-PFc_2019-2019.nc
US-PFd,OK,AMF,HH,17520,1,0.3890,0.3890,4,0.4027,0.4027,2019-2019,soil/shuttle-all775-era5/soil_US-PFd_2019-2019.nc
US-PFg,OK,AMF,HH,17520,1,0.2872,0.2872,4,0.3021,0.3021,2019-2019,soil/shuttle-all775-era5/soil_US-PFg_2019-2019.nc
US-PFf,OK,AMF,HH,17520,1,0.3771,0.3771,0,,,2019-2019,soil/shuttle-all775-era5/soil_US-PFf_2019-2019.nc
US-PFh,OK,AMF,HH,17520,1,0.3687,0.3687,4,0.3687,0.3687,2019-2019,soil/shuttle-all775-era5/soil_US-PFh_2019-2019.nc
US-PFk,OK,AMF,HH,17520,1,0.3817,0.3817,4,0.3817,0.2193,2019-2019,soil/shuttle-all775-era5/soil_US-PFk_2019-2019.nc
US-PFi,OK,AMF,HH,17520,1,0.3671,0.3671,4,0.3772,0.3772,2019-2019,soil/shuttle-all775-era5/soil_US-PFi_2019-2019.nc
US-PFj,OK,AMF,HH,17520,1,0.3696,0.3696,4,0.3696,0.3696,2019-2019,soil/shuttle-all775-era5/soil_US-PFj_2019-2019.nc
US-PFm,OK,AMF,HH,17520,1,0.2644,0.2644,4,0.2644,0.2644,2019-2019,soil/shuttle-all775-era5/soil_US-PFm_2019-2019.nc
US-PFp,OK,AMF,HH,17520,1,0.2873,0.2873,3,0.3006,0.3006,2019-2019,soil/shuttle-all775-era5/soil_US-PFp_2019-2019.nc
US-PFq,OK,AMF,HH,17520,1,0.3660,0.3660,3,0.3660,0.3660,2019-2019,soil/shuttle-all775-era5/soil_US-PFq_2019-2019.nc
US-PFn,OK,AMF,HH,17520,1,0.3840,0.3840,4,0.3949,0.2046,2019-2019,soil/shuttle-all775-era5/soil_US-PFn_2019-2019.nc
US-PFt,OK,AMF,HH,17520,1,0.3719,0.3719,4,0.3724,0.3724,2019-2019,soil/shuttle-all775-era5/soil_US-PFt_2019-2019.nc
US-PLo,OK,AMF,HH,35040,0,,,7,0.8008,0.8008,2022-2023,soil/shuttle-all775-era5/soil_US-PLo_2022-2023.nc
US-PFr,OK,AMF,HH,17520,1,0.2598,0.2598,4,0.2598,0.2598,2019-2019,soil/shuttle-all775-era5/soil_US-PFr_2019-2019.nc
US-PSH,OK,AMF,HH,17568,0,,,1,0.2550,0.2550,2016-2016,soil/shuttle-all775-era5/soil_US-PSH_2016-2016.nc
US-PSL,OK,AMF,HH,17568,0,,,1,0.2923,0.2923,2016-2016,soil/shuttle-all775-era5/soil_US-PSL_2016-2016.nc
US-RGF,OK,AMF,HH,35088,3,0.9302,0.9302,3,0.9302,0.9302,2023-2024,soil/shuttle-all775-era5/soil_US-RGF_2023-2024.nc
US-RGA,OK,AMF,HH,70128,3,0.8383,0.7300,3,0.8364,0.7118,2021-2024,soil/shuttle-all775-era5/soil_US-RGA_2021-2024.nc
US-RGB,OK,AMF,HH,70128,3,0.7905,0.7905,3,0.7905,0.7905,2021-2024,soil/shuttle-all775-era5/soil_US-RGB_2021-2024.nc
US-RGW,OK,AMF,HH,52608,3,0.9206,0.9206,3,0.9206,0.9206,2022-2024,soil/shuttle-all775-era5/soil_US-RGW_2022-2024.nc
US-Prr,OK,AMF,HH,227904,5,0.9421,0.8996,6,0.9428,0.9428,2010-2022,soil/shuttle-all775-era5/soil_US-Prr_2010-2022.nc
US-RGo,OK,AMF,HH,70128,3,0.8932,0.8932,3,0.8932,0.8932,2021-2024,soil/shuttle-all775-era5/soil_US-RGo_2021-2024.nc
US-RRC,OK,AMF,HH,52608,1,0.8355,0.8355,1,0.8355,0.8355,2022-2024,soil/shuttle-all775-era5/soil_US-RRC_2022-2024.nc
US-Rls,OK,AMF,HH,175296,5,0.9138,0.9138,6,0.9138,0.9138,2014-2023,soil/shuttle-all775-era5/soil_US-Rls_2014-2023.nc
US-Rms,OK,AMF,HH,175296,5,0.9002,0.9002,5,0.9002,0.9002,2014-2023,soil/shuttle-all775-era5/soil_US-Rms_2014-2023.nc
US-Ro2,OK,AMF,HH,157824,0,,,4,0.1881,0.1483,2008-2016,soil/shuttle-all775-era5/soil_US-Ro2_2008-2016.nc
US-Ro3,OK,AMF,HH,70128,0,,,1,1.0000,1.0000,2004-2007,soil/shuttle-all775-era5/soil_US-Ro3_2004-2007.nc
US-Ro1,OK,AMF,HH,227952,1,0.0802,0.0802,4,0.3108,0.1016,2004-2016,soil/shuttle-all775-era5/soil_US-Ro1_2004-2016.nc
US-Ro4,OK,AMF,HH,210384,1,0.7633,0.7633,4,0.9695,0.8591,2014-2025,soil/shuttle-all775-era5/soil_US-Ro4_2014-2025.nc
US-Ro5,OK,AMF,HH,140256,1,0.9506,0.9506,4,1.0000,1.0000,2017-2024,soil/shuttle-all775-era5/soil_US-Ro5_2017-2024.nc
US-Ro6,OK,AMF,HH,140256,1,0.9448,0.9448,4,1.0000,0.9851,2017-2024,soil/shuttle-all775-era5/soil_US-Ro6_2017-2024.nc
US-Rwe,OK,AMF,HH,87648,0,,,1,0.9474,0.9474,2003-2007,soil/shuttle-all775-era5/soil_US-Rwe_2003-2007.nc
US-Rpf,OK,AMF,HH,298080,2,0.9627,0.1181,14,0.9649,0.1238,2008-2024,soil/shuttle-all775-era5/soil_US-Rpf_2008-2024.nc
US-SD1,OK,AMF,HH,52608,1,0.6947,0.6947,1,0.6947,0.6947,2023-2025,soil/shuttle-all775-era5/soil_US-SD1_2023-2025.nc
US-Rwf,OK,AMF,HH,175296,0,,,7,0.4458,0.4458,2014-2023,soil/shuttle-all775-era5/soil_US-Rwf_2014-2023.nc
US-Rws,OK,AMF,HH,175296,6,0.8250,0.8250,6,0.8250,0.8250,2014-2023,soil/shuttle-all775-era5/soil_US-Rws_2014-2023.nc
US-SD2,OK,AMF,HH,52608,1,0.6946,0.6946,1,0.6946,0.6946,2023-2025,soil/shuttle-all775-era5/soil_US-SD2_2023-2025.nc
US-SRC,OK,AMF,HH,122736,2,0.9052,0.9052,1,0.9080,0.9080,2008-2014,soil/shuttle-all775-era5/soil_US-SRC_2008-2014.nc
US-SHC,OK,AMF,HH,70128,3,0.8170,0.8170,4,0.8170,0.8170,2017-2020,soil/shuttle-all775-era5/soil_US-SHC_2017-2020.nc
US-SP1,OK,AMF,HH,368208,1,0.3014,0.3014,1,0.3014,0.3014,2000-2020,soil/shuttle-all775-era5/soil_US-SP1_2000-2020.nc
US-SRS,OK,AMF,HH,140256,6,0.9479,0.4536,4,0.9479,0.9479,2011-2018,soil/shuttle-all775-era5/soil_US-SRS_2011-2018.nc
US-SRG,OK,AMF,HH,315600,6,0.9921,0.4935,6,0.9922,0.9389,2008-2025,soil/shuttle-all775-era5/soil_US-SRG_2008-2025.nc
US-Sag,OK,AMF,HH,17568,0,,,5,0.3578,0.3578,1996-1996,soil/shuttle-all775-era5/soil_US-Sag_1996-1996.nc
US-SSH,OK,AMF,HH,105216,1,0.7654,0.7654,1,0.7654,0.7654,2016-2021,soil/shuttle-all775-era5/soil_US-SSH_2016-2021.nc
US-Sne,OK,AMF,HH,87696,0,,,5,0.9289,0.9289,2016-2020,soil/shuttle-all775-era5/soil_US-Sne_2016-2020.nc
US-SRM,OK,AMF,HH,385728,8,1.0000,0.7568,8,1.0000,1.0000,2004-2025,soil/shuttle-all775-era5/soil_US-SRM_2004-2025.nc
US-Snf,OK,AMF,HH,52608,1,0.6852,0.6852,5,0.6852,0.6852,2018-2020,soil/shuttle-all775-era5/soil_US-Snf_2018-2020.nc
US-Slt,OK,AMF,HH,315552,1,0.7800,0.7800,1,1.0000,1.0000,2005-2022,soil/shuttle-all775-era5/soil_US-Slt_2005-2022.nc
US-Srr,OK,AMF,HH,70128,0,,,5,0.3983,0.3983,2014-2017,soil/shuttle-all775-era5/soil_US-Srr_2014-2017.nc
US-Sta,OK,AMF,HH,87648,2,0.5383,0.4922,2,0.7967,0.7967,2005-2009,soil/shuttle-all775-era5/soil_US-Sta_2005-2009.nc
US-StJ,OK,AMF,HH,105216,2,0.5066,0.5066,2,0.5068,0.3403,2015-2020,soil/shuttle-all775-era5/soil_US-StJ_2015-2020.nc
US-TLR,OK,AMF,HH,17568,1,0.9277,0.9277,1,0.9277,0.9277,2024-2024,soil/shuttle-all775-era5/soil_US-TLR_2024-2024.nc
US-TKs,OK,AMF,HH,140256,1,0.9488,0.9488,1,0.9507,0.9507,2018-2025,soil/shuttle-all775-era5/soil_US-TKs_2018-2025.nc
US-TaS,OK,AMF,HH,122688,0,,,2,0.8986,0.8986,2017-2023,soil/shuttle-all775-era5/soil_US-TaS_2017-2023.nc
US-Tw2,OK,AMF,HH,35088,2,0.5225,0.5096,2,0.4962,0.4962,2012-2013,soil/shuttle-all775-era5/soil_US-Tw2_2012-2013.nc
US-Syv,OK,AMF,HH,438288,9,0.9768,0.1305,9,0.9784,0.1305,2001-2025,soil/shuttle-all775-era5/soil_US-Syv_2001-2025.nc
US-Tw1,OK,AMF,HH,227904,0,,,5,0.9693,0.9679,2011-2023,soil/shuttle-all775-era5/soil_US-Tw1_2011-2023.nc
US-Tw3,OK,AMF,HH,105168,2,0.8523,0.8523,5,0.8523,0.8523,2013-2018,soil/shuttle-all775-era5/soil_US-Tw3_2013-2018.nc
US-Ton,OK,AMF,HH,438288,4,0.9878,0.2016,5,0.9878,0.9878,2001-2025,soil/shuttle-all775-era5/soil_US-Ton_2001-2025.nc
US-Tw5,OK,AMF,HH,35040,0,,,3,0.8745,0.8745,2018-2019,soil/shuttle-all775-era5/soil_US-Tw5_2018-2019.nc
US-Tw4,OK,AMF,HH,210384,0,,,5,0.9284,0.0981,2013-2024,soil/shuttle-all775-era5/soil_US-Tw4_2013-2024.nc
US-Twt,OK,AMF,HH,157776,0,,,5,0.8950,0.8950,2009-2017,soil/shuttle-all775-era5/soil_US-Twt_2009-2017.nc
US-UC1,OK,AMF,HH,105216,1,0.9450,0.9450,1,0.9450,0.9450,2019-2024,soil/shuttle-all775-era5/soil_US-UC1_2019-2024.nc
US-UC2,OK,AMF,HH,105216,1,0.9414,0.9414,1,0.9414,0.9414,2019-2024,soil/shuttle-all775-era5/soil_US-UC2_2019-2024.nc
US-UTD,OK,AMF,HH,35088,1,0.7298,0.7298,1,0.7300,0.7300,2023-2024,soil/shuttle-all775-era5/soil_US-UTD_2023-2024.nc
US-UTB,OK,AMF,HH,52560,1,0.1814,0.1814,1,0.7601,0.7601,2021-2023,soil/shuttle-all775-era5/soil_US-UTB_2021-2023.nc
US-UTE,OK,AMF,HH,35088,9,0.6865,0.5593,9,0.6865,0.5593,2024-2025,soil/shuttle-all775-era5/soil_US-UTE_2024-2025.nc
US-UTJ,OK,AMF,HH,35088,9,0.7125,0.6839,9,0.7127,0.6839,2024-2025,soil/shuttle-all775-era5/soil_US-UTJ_2024-2025.nc
US-UTL,OK,AMF,HH,35088,1,0.5056,0.5056,1,0.5056,0.5056,2024-2025,soil/shuttle-all775-era5/soil_US-UTL_2024-2025.nc
US-UTP,OK,AMF,HH,17568,1,0.2737,0.2737,1,0.6082,0.6082,2024-2024,soil/shuttle-all775-era5/soil_US-UTP_2024-2024.nc
US-UTM,OK,AMF,HH,52608,1,0.6499,0.6499,1,0.6965,0.6965,2022-2024,soil/shuttle-all775-era5/soil_US-UTM_2022-2024.nc
US-UTV,OK,AMF,HH,52608,9,0.7095,0.7087,9,0.7095,0.7087,2023-2025,soil/shuttle-all775-era5/soil_US-UTV_2023-2025.nc
US-UMd,OK,AMF,HH,333120,8,0.9692,0.5641,8,0.9692,0.5719,2007-2025,soil/shuttle-all775-era5/soil_US-UMd_2007-2025.nc
US-UTW,OK,AMF,HH,70128,1,0.9111,0.9111,1,0.9111,0.9111,2021-2024,soil/shuttle-all775-era5/soil_US-UTW_2021-2024.nc
US-UiA,OK,AMF,HH,298080,6,0.9754,0.1377,6,0.9754,0.1376,2008-2024,soil/shuttle-all775-era5/soil_US-UiA_2008-2024.nc
US-Uaf,OK,AMF,HH,403248,3,0.8501,0.7535,9,1.0000,0.4066,2003-2025,soil/shuttle-all775-era5/soil_US-Uaf_2003-2025.nc
US-UiB,OK,AMF,HH,298080,9,0.9718,0.3114,9,0.9718,0.3211,2008-2024,soil/shuttle-all775-era5/soil_US-UiB_2008-2024.nc
US-UiC,OK,AMF,HH,298080,9,0.9754,0.2966,9,0.9754,0.3212,2008-2024,soil/shuttle-all775-era5/soil_US-UiC_2008-2024.nc
US-UiE,OK,AMF,HH,122736,9,0.9356,0.7464,9,0.9356,0.7827,2018-2024,soil/shuttle-all775-era5/soil_US-UiE_2018-2024.nc
US-UiF,OK,AMF,HH,105168,9,0.9242,0.7110,9,0.9242,0.7430,2018-2023,soil/shuttle-all775-era5/soil_US-UiF_2018-2023.nc
US-UiG,OK,AMF,HH,105168,9,0.9242,0.6737,9,0.9242,0.7409,2018-2023,soil/shuttle-all775-era5/soil_US-UiG_2018-2023.nc
US-UiD,OK,AMF,HH,298080,9,0.9695,0.0364,9,0.9695,0.0364,2008-2024,soil/shuttle-all775-era5/soil_US-UiD_2008-2024.nc
US-VT1,OK,AMF,HH,52608,1,0.6362,0.6362,1,0.6362,0.6362,2023-2025,soil/shuttle-all775-era5/soil_US-VT1_2023-2025.nc
US-VT2,OK,AMF,HH,52608,1,0.6170,0.6170,1,0.6170,0.6170,2023-2025,soil/shuttle-all775-era5/soil_US-VT2_2023-2025.nc
US-WPT,OK,AMF,HH,52608,0,,,2,0.9202,0.9202,2011-2013,soil/shuttle-all775-era5/soil_US-WPT_2011-2013.nc
US-Whs,OK,AMF,HH,333120,6,0.9763,0.3447,6,0.9763,0.3447,2007-2025,soil/shuttle-all775-era5/soil_US-Whs_2007-2025.nc
US-WCr,OK,AMF,HH,473376,7,0.9452,0.2291,7,0.9973,0.2291,1999-2025,soil/shuttle-all775-era5/soil_US-WCr_1999-2025.nc
US-Var,OK,AMF,HH,455856,3,0.9705,0.9705,5,0.9705,0.9705,2000-2025,soil/shuttle-all775-era5/soil_US-Var_2000-2025.nc
US-YK1,OK,AMF,HH,122736,1,0.8581,0.8581,1,0.8581,0.8581,2019-2025,soil/shuttle-all775-era5/soil_US-YK1_2019-2025.nc
US-Wkg,OK,AMF,HH,385728,3,0.9861,0.9861,3,0.9861,0.9861,2004-2025,soil/shuttle-all775-era5/soil_US-Wkg_2004-2025.nc
US-ZF1,OK,AMF,HH,35088,4,0.2011,0.2011,6,0.2011,0.2011,2024-2025,soil/shuttle-all775-era5/soil_US-ZF1_2024-2025.nc
US-ZF2,OK,AMF,HH,35088,6,0.2011,0.1705,6,0.2011,0.2011,2024-2025,soil/shuttle-all775-era5/soil_US-ZF2_2024-2025.nc
US-xAB,OK,AMF,HH,105216,8,1.0000,0.9979,9,1.0000,0.1799,2019-2024,soil/shuttle-all775-era5/soil_US-xAB_2019-2024.nc
US-YK2,OK,AMF,HH,122736,1,0.7289,0.7289,1,0.7289,0.7289,2019-2025,soil/shuttle-all775-era5/soil_US-YK2_2019-2025.nc
US-xAE,OK,AMF,HH,105216,4,1.0000,1.0000,5,1.0000,1.0000,2019-2024,soil/shuttle-all775-era5/soil_US-xAE_2019-2024.nc
US-xBA,OK,AMF,HH,105216,8,0.3205,0.0936,9,0.9925,0.1704,2019-2024,soil/shuttle-all775-era5/soil_US-xBA_2019-2024.nc
US-xBL,OK,AMF,HH,105216,8,1.0000,0.9923,9,1.0000,1.0000,2019-2024,soil/shuttle-all775-era5/soil_US-xBL_2019-2024.nc
US-xBN,OK,AMF,HH,105216,8,1.0000,0.0135,9,1.0000,1.0000,2019-2024,soil/shuttle-all775-era5/soil_US-xBN_2019-2024.nc
US-xBR,OK,AMF,HH,105216,8,1.0000,1.0000,9,1.0000,1.0000,2019-2024,soil/shuttle-all775-era5/soil_US-xBR_2019-2024.nc
US-xCL,OK,AMF,HH,105216,8,1.0000,0.9832,9,1.0000,0.9750,2019-2024,soil/shuttle-all775-era5/soil_US-xCL_2019-2024.nc
US-xCP,OK,AMF,HH,105216,8,1.0000,0.8777,9,1.0000,1.0000,2019-2024,soil/shuttle-all775-era5/soil_US-xCP_2019-2024.nc
US-xDC,OK,AMF,HH,105216,8,1.0000,0.8799,9,1.0000,0.3008,2019-2024,soil/shuttle-all775-era5/soil_US-xDC_2019-2024.nc
US-xDJ,OK,AMF,HH,105216,6,0.9993,0.9413,7,1.0000,1.0000,2019-2024,soil/shuttle-all775-era5/soil_US-xDJ_2019-2024.nc
US-xDL,OK,AMF,HH,105216,8,0.9084,0.3459,9,1.0000,0.8499,2019-2024,soil/shuttle-all775-era5/soil_US-xDL_2019-2024.nc
US-xGR,OK,AMF,HH,105216,3,1.0000,0.9396,5,1.0000,0.3036,2019-2024,soil/shuttle-all775-era5/soil_US-xGR_2019-2024.nc
US-xHA,OK,AMF,HH,105216,5,1.0000,0.0000,5,1.0000,0.5762,2019-2024,soil/shuttle-all775-era5/soil_US-xHA_2019-2024.nc
US-xHE,OK,AMF,HH,105216,8,1.0000,0.6886,9,1.0000,0.0005,2019-2024,soil/shuttle-all775-era5/soil_US-xHE_2019-2024.nc
US-xDS,OK,AMF,HH,105216,8,1.0000,1.0000,9,1.0000,1.0000,2019-2024,soil/shuttle-all775-era5/soil_US-xDS_2019-2024.nc
US-xJE,OK,AMF,HH,105216,8,1.0000,1.0000,9,1.0000,1.0000,2019-2024,soil/shuttle-all775-era5/soil_US-xJE_2019-2024.nc
US-xJR,OK,AMF,HH,105216,8,1.0000,0.6987,9,1.0000,0.1984,2019-2024,soil/shuttle-all775-era5/soil_US-xJR_2019-2024.nc
US-xKA,OK,AMF,HH,105216,8,1.0000,0.9769,8,1.0000,0.8147,2019-2024,soil/shuttle-all775-era5/soil_US-xKA_2019-2024.nc
US-xKZ,OK,AMF,HH,105216,8,1.0000,0.6644,9,1.0000,0.7499,2019-2024,soil/shuttle-all775-era5/soil_US-xKZ_2019-2024.nc
US-xLE,OK,AMF,HH,105216,8,0.7120,0.6175,9,1.0000,0.6098,2019-2024,soil/shuttle-all775-era5/soil_US-xLE_2019-2024.nc
US-xMB,OK,AMF,HH,105216,8,1.0000,0.9995,9,1.0000,0.8228,2019-2024,soil/shuttle-all775-era5/soil_US-xMB_2019-2024.nc
US-xML,OK,AMF,HH,105216,8,1.0000,0.9770,9,1.0000,1.0000,2019-2024,soil/shuttle-all775-era5/soil_US-xML_2019-2024.nc
US-xNQ,OK,AMF,HH,105216,8,1.0000,0.9737,9,1.0000,0.2041,2019-2024,soil/shuttle-all775-era5/soil_US-xNQ_2019-2024.nc
US-xNG,OK,AMF,HH,105216,8,1.0000,0.9326,9,1.0000,0.6271,2019-2024,soil/shuttle-all775-era5/soil_US-xNG_2019-2024.nc
US-xNW,OK,AMF,HH,105216,8,1.0000,0.9029,9,1.0000,0.9367,2019-2024,soil/shuttle-all775-era5/soil_US-xNW_2019-2024.nc
US-xRM,OK,AMF,HH,105216,8,1.0000,0.9128,9,1.0000,0.2358,2019-2024,soil/shuttle-all775-era5/soil_US-xRM_2019-2024.nc
US-xRN,OK,AMF,HH,105216,8,1.0000,0.9801,9,1.0000,0.4069,2019-2024,soil/shuttle-all775-era5/soil_US-xRN_2019-2024.nc
US-xSB,OK,AMF,HH,105216,8,0.9897,0.9897,9,1.0000,1.0000,2019-2024,soil/shuttle-all775-era5/soil_US-xSB_2019-2024.nc
US-xSC,OK,AMF,HH,105216,8,0.9743,0.6432,9,1.0000,1.0000,2019-2024,soil/shuttle-all775-era5/soil_US-xSC_2019-2024.nc
US-xSE,OK,AMF,HH,105216,8,1.0000,0.1784,9,1.0000,1.0000,2019-2024,soil/shuttle-all775-era5/soil_US-xSE_2019-2024.nc
US-xSJ,OK,AMF,HH,105216,8,1.0000,0.9360,9,1.0000,1.0000,2019-2024,soil/shuttle-all775-era5/soil_US-xSJ_2019-2024.nc
US-xSP,OK,AMF,HH,105216,8,1.0000,0.9887,9,1.0000,0.5785,2019-2024,soil/shuttle-all775-era5/soil_US-xSP_2019-2024.nc
US-xSL,OK,AMF,HH,105216,8,1.0000,0.9976,9,1.0000,0.2786,2019-2024,soil/shuttle-all775-era5/soil_US-xSL_2019-2024.nc
US-xSR,OK,AMF,HH,105216,8,0.8898,0.7574,9,1.0000,0.4111,2019-2024,soil/shuttle-all775-era5/soil_US-xSR_2019-2024.nc
US-xTA,OK,AMF,HH,105216,8,0.9025,0.8444,8,1.0000,0.8580,2019-2024,soil/shuttle-all775-era5/soil_US-xTA_2019-2024.nc
US-xST,OK,AMF,HH,105216,8,1.0000,0.9533,9,1.0000,0.2318,2019-2024,soil/shuttle-all775-era5/soil_US-xST_2019-2024.nc
US-xTE,OK,AMF,HH,105216,5,0.9268,0.8978,5,1.0000,0.7535,2019-2024,soil/shuttle-all775-era5/soil_US-xTE_2019-2024.nc
US-xUK,OK,AMF,HH,105216,8,1.0000,1.0000,8,1.0000,0.9539,2019-2024,soil/shuttle-all775-era5/soil_US-xUK_2019-2024.nc
US-xTR,OK,AMF,HH,105216,8,1.0000,0.8997,9,1.0000,0.7540,2019-2024,soil/shuttle-all775-era5/soil_US-xTR_2019-2024.nc
US-xTL,OK,AMF,HH,105216,6,1.0000,0.9466,7,1.0000,1.0000,2019-2024,soil/shuttle-all775-era5/soil_US-xTL_2019-2024.nc
US-xUN,OK,AMF,HH,105216,8,1.0000,0.9113,9,1.0000,0.3970,2019-2024,soil/shuttle-all775-era5/soil_US-xUN_2019-2024.nc
US-xWD,OK,AMF,HH,105216,8,1.0000,0.1097,9,1.0000,0.7678,2019-2024,soil/shuttle-all775-era5/soil_US-xWD_2019-2024.nc
US-xWR,OK,AMF,HH,105216,8,1.0000,0.3624,9,1.0000,0.1025,2019-2024,soil/shuttle-all775-era5/soil_US-xWR_2019-2024.nc
US-xYE,OK,AMF,HH,105216,6,1.0000,0.9904,7,1.0000,0.7435,2019-2024,soil/shuttle-all775-era5/soil_US-xYE_2019-2024.nc
VU-Coc,OK,FLX,HH,70128,2,0.4561,0.4561,4,0.5072,0.5072,2001-2004,soil/shuttle-all775-era5/soil_VU-Coc_2001-2004.nc
ZA-Jks,OK,SAEON,HH,17568,1,1.0000,1.0000,0,,,2024-2024,soil/shuttle-all775-era5/soil_ZA-Jks_2024-2024.nc
ZA-BfK,OK,SAEON,HH,87696,2,0.9669,0.9669,0,,,2020-2024,soil/shuttle-all775-era5/soil_ZA-BfK_2020-2024.nc
ZA-Spk,OK,SAEON,HH,35088,2,0.8896,0.8896,0,,,2023-2024,soil/shuttle-all775-era5/soil_ZA-Spk_2023-2024.nc
ZA-BfS,OK,SAEON,HH,87696,2,0.9668,0.9668,0,,,2020-2024,soil/shuttle-all775-era5/soil_ZA-BfS_2020-2024.nc
ZA-Uby,OK,SAEON,HH,35088,2,0.9556,0.9556,0,,,2023-2024,soil/shuttle-all775-era5/soil_ZA-Uby_2023-2024.nc
ZM-Mon,OK,EUF,HH,52608,3,0.6448,0.5080,3,0.6448,0.6402,2007-2009,soil/shuttle-all775-era5/soil_ZM-Mon_2007-2009.nc
